case_id,mode,sec_id,ticker,truth_case_id,keys,fields,side_a,side_b,tickers,security_name,share_class,issuer_ids,first_start,last_end,intervals,delist_date,library_cik,bucket,crsp_code,reason,last_trade_date_source,library_last_trade_close,dlret_method,delist_filing_form,delist_filing_accession,review_flags,uncertain_reasons
BBG000BJ3QD0_2007-11-16_wave1-r1,mismatch,BBG000BJ3QD0,DADE,BBG000BJ3QD0_2007-11-16,"[""mis|BBG000BJ3QD0_2007-11-16|internal_last_trade_date|2007-11-05|2007-11-06""]","[""internal_last_trade_date""]","[""2007-11-05""]","[""2007-11-06""]",DADE,DADE BEHRING HLDGS INC,COMMON,1183920,2004-11-08,2007-11-06,1,2007-11-16,1183920,merger,231,Merger filing SC 14D9 2007-08-08 before the delisting,closing_day,76.980000,cash_only,25-NSE,0001354457-07-000346,last_trade_date_unconfirmed;observed_after_delisting,security_uncertain;last_trade_not_exchange_print:closing_day;last_trade_date_unconfirmed
BBG000BJXXX0_2007-07-12_wave1-r1,mismatch,BBG000BJXXX0,IFIN,BBG000BJXXX0_2007-07-12,"[""mis|BBG000BJXXX0_2007-07-12|internal_last_trade_date|2007-06-29|2007-07-02""]","[""internal_last_trade_date""]","[""2007-06-29""]","[""2007-07-02""]",IFIN,INVESTORS FINANCIAL SVCS,COMMON,949589,2004-07-06,2007-07-02,1,2007-07-12,949589,merger,231,Merger filing DEFM14A 2007-05-29 before the delisting,closing_day,,abstain_no_consideration,25-NSE,0001354457-07-000196,last_trade_date_unconfirmed;observed_after_delisting;no_last_close;terms_gate_failed:no_last_close,security_uncertain;last_trade_not_exchange_print:closing_day;last_trade_date_unconfirmed
BBG000BMDV41_2016-09-16_wave1-r1,mismatch,BBG000BMDV41,JCI,BBG000BMDV41_2016-09-16,"[""mis|BBG000BMDV41_2016-09-16|value_rule|cash_plus_stock|stock"", ""mis|BBG000BMDV41_2016-09-16|cash_per_share|5.7293|""]","[""value_rule"", ""cash_per_share""]","[""cash_plus_stock"", ""5.7293""]","[""stock"", """"]",JCI,JOHNSON CONTROLS INC,COMMON,53669,2007-12-17,2016-09-02,1,2016-09-16,53669,merger,231,M&A 2.01+3.01+5.01 (acquired by external acquirer),midas,45.040000,stock_only,25-NSE,0000876661-16-001250,ftd_close_prior:1;acquirer_close_lagged;payout_gate_failed:34.88,
BBG000BNXLK1_2007-07-12_wave1-r1,mismatch,BBG000BNXLK1,MEL,BBG000BNXLK1_2007-07-12,"[""mis|BBG000BNXLK1_2007-07-12|price_sec_id||BBG000BD8PN9""]","[""price_sec_id""]","[""""]","[""BBG000BD8PN9""]",MEL,MELLON FINANCIAL CORP,COMMON,64782,2004-07-07,2007-06-29,1,2007-07-12,64782,merger,231,Merger filing 425 2007-05-17 before the delisting,ex99_notice,43.110000,stock_only,25-NSE,0000876661-07-000586,observed_after_delisting;ftd_close_prior:3;acquirer_close_lagged,security_uncertain
BBG000DY6735_2013-12-31_wave1-r1,mismatch,BBG000DY6735,WW,BBG000DY6735_2013-12-31,"[""mis|BBG000DY6735_2013-12-31|ending|present|(no contract row)""]","[""ending""]","[""present""]","[""(no contract row)""]",WTW;WW,WW INTERNATIONAL INC,COMMON,105319,2008-01-16,2013-12-31,2,,,,,,,,,,,,
BBG000FJJW82_2008-12-06_wave1-r1,mismatch,BBG000FJJW82,ABI,BBG000FJJW82_2008-12-06,"[""mis|BBG000FJJW82_2008-12-06|price_ticker|IVGN|LIFE""]","[""price_ticker""]","[""IVGN""]","[""LIFE""]",ABI,APPLERA CORP APPLIED,COMMON,77551,2008-01-07,2008-11-21,1,2008-12-06,77551,merger,231,M&A 2.01+3.01+5.01 (acquired by external acquirer),ex99_notice,27.810000,cash_plus_stock,25-NSE,0000876661-08-000491,member_name_mismatch;resolved_by_cik_map;ftd_close_lagged,security_uncertain
BBG0017T9998_2020-07-30_wave1-r1,mismatch,BBG0017T9998,CZR,BBG0017T9998_2020-07-30,"[""mis|BBG0017T9998_2020-07-30|internal_last_trade_date|2020-07-17|2020-07-20""]","[""internal_last_trade_date""]","[""2020-07-17""]","[""2020-07-20""]",CZR,CAESARS ENTERTAINMENT CORP,COMMON,858339,2012-02-13,2020-07-20,1,2020-07-30,858339,merger,231,M&A 2.01+3.01+5.01 (acquired by external acquirer),closing_day,12.370000,cash_only,25-NSE,0001354457-20-000344,last_trade_date_unconfirmed;ftd_close_lagged,last_trade_not_exchange_print:closing_day;last_trade_date_unconfirmed
CIK1141399-COMMON_2008-09-20_wave1-r1,mismatch,CIK1409012-COMMON,ABBI,CIK1141399-COMMON_2008-09-20,"[""mis|CIK1141399-COMMON_2008-09-20|ending|present|(no contract row)""]","[""ending""]","[""present""]","[""(no contract row)""]",ABBI,ABRAXIS BIOSCIENCE INC,COMMON,1409012,2008-01-16,2009-06-08,1,,,,,,,,,,,,
CIK804055-COMMON_2010-10-15_wave1-r1,mismatch,CIK804055-COMMON,CCE,CIK804055-COMMON_2010-10-15,"[""mis|CIK804055-COMMON_2010-10-15|price_sec_id|BBG000BF5RY1|BBG000BMX289""]","[""price_sec_id""]","[""BBG000BF5RY1""]","[""BBG000BMX289""]",CCE,COCA COLA ENTERPRISE,COMMON,804055,2007-12-20,2010-10-01,1,2010-10-15,804055,merger,231,M&A 2.01+3.01+5.01 (acquired by external acquirer),ex99_notice,31.080000,assumed_par,25-NSE,0000876661-10-000372,ftd_close_prior:2;terms_gate_failed:fail_sanity;merger_at_par,assumed_par_after_failed_gate
BBG000BT0CM2_wave1-r1,regression,BBG000BT0CM2,SIVB,,"[""reg|BBG000BT0CM2|delistings|price_ticker|changed|SIVB|""]","[""price_ticker""]","[""SIVB""]","[""""]",SIVB,SVB FINANCIAL GROUP,COMMON,719739,2007-12-17,2023-03-09,1,2023-05-12,719739,liquidation,470,Bankruptcy (8-K item 1.03 filed 2023-03-10),midas,106.040000,shumway_nasdaq,25-NSE,0001354457-23-000327,last_trade_date_conflict;distress_at_normal_price,
BBG000C1XKF6_wave1-r1,regression,BBG000C1XKF6,PNFP,,"[""reg|BBG000C1XKF6|security_history|ranges|changed|PNFP:2007-12-21..2026-01-02:1115055|PNFP:2007-12-21..2025-12-31:1115055""]","[""security_history.ranges""]","[""PNFP:2007-12-21..2026-01-02:1115055""]","[""PNFP:2007-12-21..2025-12-31:1115055""]",PNFP,PINNACLE FINANCIAL PARTNERS INC,COMMON,1115055,2007-12-21,2025-12-31,1,2026-01-12,1115055,exchange_transfer,304,"Continuation (R1): each share became one of common stock, par value $1.00 per share, of Newco , and, no cash; successor by new issuer",closing_day,95.410000,exchange_transfer_zero,25-NSE/A,0001354457-26-000001,last_trade_date_unconfirmed;r1_continuation,
BBG000D3MB18_wave1-r1,regression,BBG000D3MB18,VMED,,"[""reg|BBG000D3MB18|delistings|price_sec_id|changed||BBG01K9HZH92""]","[""price_sec_id""]","[""""]","[""BBG01K9HZH92""]",VMED,VIRGIN MEDIA INC,COMMON,1270400,2007-12-17,2013-06-07,1,2013-06-17,1270400,merger,231,M&A 2.01+3.01+5.01 (acquired by external acquirer),midas,49.640000,cash_plus_stock,25-NSE/A,0001354457-13-000113,ftd_close_prior:1;acquirer_close_lagged,
BBG000MRMY60_wave1-r1,regression,BBG000MRMY60,MHS,,"[""reg|BBG000MRMY60|delistings|price_sec_id|changed||BBG000C15T95""]","[""price_sec_id""]","[""""]","[""BBG000C15T95""]",MHS,MEDCO HEALTH SOLUTIONS,COMMON,1170650,2008-01-16,2012-03-30,1,2012-04-13,1170650,merger,231,"M&A change in control (5.01) with delisting/rights change, closing 8-K without 2.01",midas,70.300000,cash_plus_stock,25-NSE,0000876661-12-000148,,
BBG009XV39D8_wave1-r1,regression,BBG009XV39D8,AVGO,,"[""reg|BBG009XV39D8|security_history|ranges|changed|AVGO:2016-02-01..2018-04-05:1649338|AVGO:2016-02-01..2018-04-02:1649338""]","[""security_history.ranges""]","[""AVGO:2016-02-01..2018-04-05:1649338""]","[""AVGO:2016-02-01..2018-04-02:1649338""]",AVGO,BROADCOM LTD,COMMON,1649338,2016-02-01,2018-04-02,1,2018-04-14,1649338,exchange_transfer,304,Continuation (8-K12B 0001193125-18-107559): BBG009XV39D8 last traded as AVGO on 2018-04-05 and BBG00KHY5S69 took the ticker from 2018-04-06; holders' shares became BBG00KHY5S69's,closing_day,236.780000,exchange_transfer_zero,25-NSE,0001354457-18-000077,last_trade_date_unconfirmed;ftd_close_lagged;acquirer_close_lagged;handoff_continuation,
CIK1334814-CLASS-A_wave1-r1,regression,CIK1334814-CLASS-A,Z,,"[""reg|CIK1334814-CLASS-A|security_history|ranges|changed|Z:2011-07-25..2015-02-18:1334814|Z:2011-07-25..2015-02-13:1334814""]","[""security_history.ranges""]","[""Z:2011-07-25..2015-02-18:1334814""]","[""Z:2011-07-25..2015-02-13:1334814""]",Z,ZILLOW INC CLASS A,CLASS A,1334814,2011-07-25,2015-02-13,1,2015-02-27,1334814,exchange_transfer,304,Continuation (8-K12B 0001193125-15-050788): CIK1334814-CLASS-A last traded as Z on 2015-02-18 and BBG000D13GN8 took the ticker from 2015-02-19; holders' shares became BBG000D13GN8's,closing_day,106.500000,exchange_transfer_zero,25-NSE/A,0001354457-15-000031,last_trade_date_unconfirmed;handoff_continuation;terms_gate_failed:fail_sanity,
