sec_id,table,field,kind,old,new
BBG000BB03M1,delistings,price_sec_id,changed,,BBG000BNW1S8
BBG000BB8ZF0,delistings,price_sec_id,changed,,BBG000BVPPM1
BBG000BBJB07,delistings,price_ticker,changed,AKRX,AKRXQ
BBG000BBLK04,delistings,price_sec_id,changed,,BBG000DB3KT1
BBG000BBVCN6,delistings,price_ticker,changed,ESI,ESINQ
BBG000BBVK30,delistings,price_ticker,changed,AMR,AAMRQ
BBG000BCM087,delistings,price_sec_id,changed,,BBG000BJ2VQ6
BBG000BCZH22,delistings,price_sec_id,changed,,BBG000BTQR96
BBG000BF1R66,delistings,last_trade_date,changed,2016-01-15,2016-01-14
BBG000BF1R66,delistings,price_sec_id,changed,,BBG000BR14K5
BBG000BF1R66,delistings,price_date,changed,2016-01-19,2016-01-15
BBG000BF2KK4,delistings,price_sec_id,changed,,BBG000BJ3PD2
BBG000BF4VY3,delistings,price_ticker,changed,CC,CCTYQ
BBG000BF6RQ9,delistings,price_ticker,changed,SAVE,SAVEQ
BBG000BHNPN3,delistings,price_sec_id,changed,,CIK1363851-COMMON
BBG000BHQ1H0,delistings,price_sec_id,changed,,BBG000FH8PX5
BBG000BHW628,delistings,last_trade_date,changed,2016-06-01,2016-05-31
BBG000BHW628,delistings,price_date,changed,2016-06-02,2016-06-01
BBG000BKRK35,delistings,price_ticker,changed,LEH,LEHMQ
BBG000BMJYW8,delistings,price_sec_id,changed,,BBG000B9Z0J8
BBG000BMJYW8,delistings,price_ticker,changed,AMB,PLD
BBG000BN1XR3,delistings,price_sec_id,changed,,BBG000BW8S60
BBG000BPVCR1,delistings,price_sec_id,changed,,BBG002BHBHM1
BBG000BRZBT3,delistings,price_sec_id,changed,,BBG000BJ2VQ6
BBG000BT0CM2,delistings,price_ticker,changed,SIVB,
BBG000BVVHH8,delistings,price_sec_id,changed,,BBG000BX57K1
BBG000BW4804,delistings,price_ticker,changed,UNT,UNTCQ
BBG000BWYFX9,delistings,price_sec_id,changed,,BBG000BWP7D9
BBG000C0HQ54,delistings,price_ticker,changed,ENDP,ENDPQ
BBG000C2HB99,delistings,price_sec_id,changed,,BBG000BQ87N0
BBG000C4FB79,delistings,price_sec_id,changed,,BBG000BX6BJ3
BBG000C6F3T8,delistings,price_sec_id,changed,,BBG0081VHTP3
BBG000CGT2S4,delistings,price_ticker,changed,UPL,UPLMQ
BBG000CPZ0F5,delistings,price_ticker,changed,PDLI,
BBG000CSY9H9,delistings,price_ticker,changed,BBBY,BBBYQ
BBG000D1QCF1,delistings,last_trade_date,changed,2017-01-17,2017-01-13
BBG000D1QCF1,delistings,price_sec_id,changed,,BBG00DL8NMV2
BBG000D1QCF1,delistings,price_date,changed,2017-01-18,2017-01-17
BBG000DHM3H8,delistings,price_sec_id,changed,,BBG000BWDFD4
BBG000DHM3H8,delistings,price_ticker,changed,CBS,VIACA
BBG000DHSPT0,delistings,price_sec_id,changed,,BBG000C496P7
BBG000DHSPT0,delistings,price_ticker,changed,CBS,VIAC
BBG000DTMH63,delistings,price_ticker,changed,NE,NEBLQ
BBG000F0ZXG4,delistings,price_ticker,changed,CEM,CEMJQ
BBG000F80SZ5,delistings,price_ticker,changed,SUNE,SUNEQ
BBG000FBK808,delistings,price_ticker,changed,DNR,DNRCQ
BBG000FHZ756,delistings,price_sec_id,changed,,CIK314808-COMMON
BBG000FJRZ68,delistings,price_ticker,changed,DO,DOFSQ
BBG000FRJVJ4,delistings,price_sec_id,changed,,BBG000BL9JQ1
BBG000FRJVJ4,delistings,price_ticker,changed,HOC,HFC
BBG000GC80B4,delistings,price_sec_id,changed,,BBG000BNWG87
BBG000GQ1G25,delistings,price_ticker,changed,TUP,TUPBQ
BBG000J0D904,delistings,price_ticker,changed,BIG,BIGGQ
BBG000J8CD72,delistings,price_sec_id,changed,,BBG000BX5ZF5
BBG000JDN9K3,delistings,price_sec_id,changed,,BBG000BYWTX7
BBG000JN9BQ6,delistings,price_ticker,changed,NIHD,NIHDQ
BBG000K1X873,delistings,price_ticker,changed,SSCC,SSCCQ
BBG000KJP3V7,delistings,price_sec_id,changed,,BBG00MRHG523
BBG000N7CH25,delistings,price_sec_id,changed,,BBG000FH8PX5
BBG000PQ6YJ3,delistings,price_ticker,changed,SHLD,SHLDQ
BBG000Q1R1Y9,delistings,price_sec_id,changed,,BBG00LNJRQ09
BBG000RQW961,delistings,price_sec_id,changed,,BBG000VMWHH5
BBG000RQW961,delistings,price_ticker,changed,DISCA,DISCK
BBG001D8R8J8,delistings,price_sec_id,changed,,BBG000BLGFJ9
BBG001J1C1L5,delistings,price_sec_id,changed,,BBG000BND699
BBG004M25Z09,delistings,price_ticker,changed,SSE,SSEI
BBG005PCN2G7,delistings,price_sec_id,changed,,BBG00D30HGP6
BBG005SSN7D1,delistings,price_sec_id,changed,,BBG00333FYS2
BBG007387YL8,delistings,price_sec_id,changed,,BBG000CTSZQ6
BBG0074B4RJ1,delistings,price_ticker,changed,XOG,XOGAQ
BBG007FH8JX4,delistings,price_ticker,changed,EVA,EVVAQ
BBG00RPJPN67,delistings,price_sec_id,changed,,BBG000C1HL99
BBG00W7FH7G7,delistings,price_ticker,changed,WE,WEWKQ
BBG00ZSDS6T8,delistings,price_ticker,changed,TSP,TSPH
BBG012QVD574,delistings,price_ticker,changed,LYLT,LYLTQ
CIK1141399-COMMON,delistings,,removed,exit_kind=merger;drop_reason=;continuation=false;successor_sec_id=;last_trade_date=;value_rule=cash,
CIK1166126-COMMON,delistings,price_ticker,changed,JCP,JCPNQ
CIK73887-COMMON,delistings,,removed,exit_kind=exchange;drop_reason=;continuation=false;successor_sec_id=;last_trade_date=;value_rule=transfer,
CIK96289-COMMON,delistings,price_ticker,changed,RSH,RSHC
BBG000BF1R66,security_history,ranges,changed,CB:2007-12-21..2016-01-15:20171,CB:2007-12-21..2016-01-14:20171
BBG000BFMBQ6,security_history,ranges,changed,CI:2007-12-18..2018-12-21:701221,CI:2007-12-18..2018-12-20:701221
BBG000BHW628,security_history,ranges,changed,WCN:2008-01-08..2016-06-01:1057058,WCN:2008-01-08..2016-05-31:1057058
BBG000BYWTX7,security_history,ranges,changed,MRVL:2007-12-17..2021-04-21:1058057,MRVL:2007-12-17..2021-04-20:1058057
BBG000C1XKF6,security_history,ranges,changed,PNFP:2007-12-21..2026-01-02:1115055,PNFP:2007-12-21..2025-12-31:1115055
BBG000D1QCF1,security_history,ranges,changed,FTI:2008-01-11..2017-01-17:1135152,FTI:2008-01-11..2017-01-13:1135152
BBG000DFMXT3,security_history,ranges,changed,AZPN:2008-01-24..2022-05-17:929940,AZPN:2008-01-24..2022-05-16:929940
BBG006G57XG0,security_history,ranges,changed,VNOM:2023-11-14..2025-08-19:1602065,VNOM:2023-11-14..2025-08-18:1602065
BBG009XV39D8,security_history,ranges,changed,AVGO:2016-02-01..2018-04-05:1649338,AVGO:2016-02-01..2018-04-04:1649338
CIK1141399-COMMON,security_history,ranges,removed,ABBI:2008-01-16..2008-09-20:1141399,
CIK1334814-CLASS-A,security_history,ranges,changed,Z:2011-07-25..2015-02-18:1334814,Z:2011-07-25..2015-02-17:1334814
CIK73887-COMMON,security_history,ranges,removed,ERA:2013-06-28..2013-06-28:73887,
