kind,ticker,sec_id,date,reason,candidates
ending,CBL,BBG000B9YSK6,2020-11-04,issuer_from_todays_ticker_map;continued_filings_rule,
ending,THI,BBG000BB2N27,2014-12-25,assumed_par_after_failed_gate,
ending,ADCT,BBG000BB5HV5,2010-12-19,no_last_trade_date,
ending,RAI,BBG000BBB3K1,2017-08-04,assumed_par_after_failed_gate,
ending,PRE,BBG000BBBP59,2016-03-28,resolved_from_continued_filings,
ending,TMA,BBG000BBG3P1,2009-01-25,last_trade_date_unconfirmed,
ending,APA,BBG000BC2C10,2021-03-03,earlier_ending:2021-03-14,
ending,APA,BBG000BC2C10,2021-03-14,continued_filings_rule,
ending,GAS,BBG000BCKC47,2016-07-11,resolved_from_continued_filings,
ending,AVP,BBG000BCNYT9,2020-01-16,resolved_from_continued_filings;assumed_par_after_failed_gate,
ending,PMI,BBG000BCTL84,2012-01-08,last_trade_date_unconfirmed,
ending,BHI,BBG000BD4VG8,2017-07-15,resolved_from_continued_filings,
ending,BMS,BBG000BDHNB7,2019-06-21,assumed_par_after_failed_gate,
ending,BNI,BBG000BDKN87,2010-02-26,resolved_from_continued_filings,
ending,BOL,BBG000BDLLR9,2007-11-05,security_uncertain,
ending,TAHO,BBG000BDN878,2019-03-04,no_evidence_default;unknown_exit_kind,
ending,CAL,BBG000BDXVW8,2010-10-14,resolved_from_continued_filings;assumed_par_after_failed_gate,
ending,CNB,BBG000BF2JS9,2009-09-18,last_trade_date_unconfirmed,
ending,CCE,BBG000BF5RY1,2016-06-10,assumed_par_after_failed_gate,
ending,CCU,BBG000BF8BH2,2008-08-10,resolved_from_continued_filings,
ending,CMCSK,BBG000BFTJ91,2015-12-21,continued_filings_rule,
ending,AHL,BBG000BFVKZ6,2019-02-25,resolved_from_continued_filings,
ending,GPOR,BBG000BG09F5,2021-02-12,issuer_from_todays_ticker_map,
ending,WOLF,BBG000BG14P4,2025-10-09,issuer_from_todays_ticker_map,
ending,NYX,BBG000BGFLL5,2013-11-23,assumed_par_after_failed_gate,
ending,HEW,BBG000BGMX22,2010-10-14,assumed_par_after_failed_gate,
ending,DBD,BBG000BGYDX9,2023-06-30,issuer_from_todays_ticker_map,
ending,GLBL,BBG000BH2T94,2011-12-11,no_last_trade_date,
ending,DJ,BBG000BH5K72,2007-12-28,security_uncertain,
ending,CLR,BBG000BHBGN6,2022-12-03,resolved_from_continued_filings,
ending,DOW,BBG000BHBK84,2017-09-11,resolved_from_continued_filings,
ending,DPL,BBG000BHCDF1,2011-12-08,resolved_from_continued_filings,
ending,CDWC,BBG000BHD665,2007-10-22,security_uncertain;no_last_trade_date,
ending,UFS,BBG000BHFHP8,2021-12-10,resolved_from_continued_filings,
ending,GOOGL,BBG000BHSKN9,2015-10-12,security_uncertain;no_evidence_default,
ending,PGN,BBG000BJ27C4,2012-07-15,resolved_from_continued_filings,
ending,DADE,BBG000BJ3QD0,2007-11-16,security_uncertain;no_last_trade_date,
ending,ROVI,BBG000BJ9D07,2016-09-08,assumed_par_after_failed_gate,
ending,JEF,BBG000BJCFP1,2013-03-11,resolved_from_continued_filings,
ending,FRK,BBG000BJV732,2007-12-01,security_uncertain,
ending,FRX,BBG000BJVZF7,2014-07-12,assumed_par_after_failed_gate,
ending,WR,BBG000BJXKD0,2018-06-16,resolved_from_continued_filings;assumed_par_after_failed_gate,
ending,IFIN,BBG000BJXXX0,2007-07-12,security_uncertain;no_last_trade_date,
ending,FWLT,BBG000BK1FD3,2014-12-04,no_last_trade_date,
ending,TGNA,BBG000BK5DP1,2026-03-30,security_uncertain,
ending,GENZ,BBG000BK7SL0,2011-04-18,no_last_trade_date,
ending,PHLY,BBG000BKKXG0,2008-12-11,no_last_trade_date,
ending,SDRL,BBG000BKQ3V3,2018-07-13,no_evidence_default;unknown_exit_kind,
ending,HNZ,BBG000BL9439,2013-06-22,resolved_from_continued_filings;earlier_ending:2013-07-28,
ending,HNZ,BBG000BL9439,2013-07-28,resolved_from_continued_filings,
ending,SCS,BBG000BLBGS2,2025-12-20,assumed_par_after_failed_gate,
ending,MDRX,BBG000BLDXH5,2024-05-05,resolved_from_continued_filings,
ending,EQC,BBG000BLG1L7,2025-04-21,continued_filings_rule,
ending,NVRI,BBG000BLH3P8,2026-06-11,assumed_par_after_failed_gate,
ending,AVB,BBG000BLPBL5,2026-08-27,issuer_from_todays_ticker_map,
ending,IMB,BBG000BLY636,2008-08-17,last_trade_date_unconfirmed,
ending,FCL,BBG000BM1RP0,2009-08-14,resolved_from_continued_filings;last_trade_not_exchange_print:none;last_trade_date_unconfirmed,
ending,ITT,BBG000BMB7R1,2016-05-17,issuer_from_todays_ticker_map,
ending,JCI,BBG000BMDV41,2016-09-16,assumed_par_after_failed_gate,
ending,KWK,BBG000BMLYZ2,2015-03-01,resolved_from_continued_filings,
ending,KSU,BBG000BMZ7P7,2021-12-24,resolved_from_continued_filings,
ending,AQNT,BBG000BMZLP6,2007-08-20,security_uncertain;no_last_trade_date,
ending,LEG,BBG000BN53G7,2026-09-06,issuer_from_todays_ticker_map;assumed_par_after_failed_gate,
ending,MDC,BBG000BNTTY4,2024-04-29,resolved_from_continued_filings,
ending,MDP,BBG000BNVNY4,2021-12-12,assumed_par_after_failed_gate,
ending,MEL,BBG000BNXLK1,2007-07-12,security_uncertain,
ending,MER,BBG000BNY0W3,2009-01-15,resolved_from_continued_filings,
ending,EA,BBG000BP0KQ8,2026-08-14,issuer_from_todays_ticker_map,
ending,MYL,BBG000BPQD31,2020-11-26,no_last_trade_date,
ending,RKT,BBG000BPQVR5,2015-07-12,assumed_par_after_failed_gate,
ending,NOVL,BBG000BQ3F39,2011-05-07,no_last_trade_date,
ending,OKE,BBG000BQHGR6,2026-09-28,issuer_from_todays_ticker_map;no_evidence_default;unknown_exit_kind,
ending,PNY,BBG000BRF689,2016-10-14,resolved_from_continued_filings,
ending,RHD,BBG000BRF6B5,2009-01-26,resolved_from_continued_filings,
ending,PSD,BBG000BRMVZ6,2009-02-19,resolved_from_continued_filings,
ending,RESP,BBG000BS3FD4,2008-03-27,no_last_trade_date,
ending,RTN,BBG000BSD7C2,2020-04-13,assumed_par_after_failed_gate,
ending,RYL,BBG000BSGQN5,2015-10-11,assumed_par_after_failed_gate,
ending,SGP,BBG000BSVZM9,2009-11-04,resolved_from_continued_filings;last_trade_not_exchange_print:none;last_trade_date_unconfirmed,
ending,SIRI,BBG000BT0093,2024-09-10,issuer_from_todays_ticker_map;resolved_from_continued_filings,
ending,SUG,BBG000BTMDX4,2012-04-06,resolved_from_continued_filings,
ending,SUN,BBG000BTN971,2012-10-20,assumed_par_after_failed_gate,
ending,TDW,BBG000BV18Z1,2017-05-18,issuer_from_todays_ticker_map;last_trade_not_exchange_print:none;last_trade_date_unconfirmed,
ending,TEK,BBG000BV3594,2007-12-06,security_uncertain,
ending,KSE,BBG000BV52H0,2007-09-07,security_uncertain,
ending,TRB,BBG000BVK2W6,2007-12-31,security_uncertain;resolved_from_continued_filings,
ending,TXU,BBG000BVW841,2007-11-02,security_uncertain;resolved_from_continued_filings,
ending,WBS,BBG000BWMX63,2026-08-30,issuer_from_todays_ticker_map,
ending,WEN,BBG000BWPN99,2008-10-11,assumed_par_after_failed_gate,
ending,MLNM,BBG000BX67G5,2008-05-24,no_last_trade_date,
ending,JNS,BBG000BYD720,2017-06-09,assumed_par_after_failed_gate,
ending,XMSR,BBG000C070N2,2008-08-08,resolved_from_continued_filings,
ending,SEPR,BBG000C0BGS7,2009-10-30,no_last_trade_date,
ending,TCF,BBG000C0NY96,2019-08-11,assumed_par_after_failed_gate,
ending,LYO,BBG000C0ZL64,2007-12-31,security_uncertain;resolved_from_continued_filings,
ending,PCYC,BBG000C11MQ5,2015-06-05,assumed_par_after_failed_gate,
ending,HLTH,BBG000C1R174,2009-11-02,no_last_trade_date,
ending,HET,BBG000C1TTV4,2008-02-08,resolved_from_continued_filings,
ending,DISH,BBG000C2YHG9,2024-01-08,resolved_from_continued_filings,
ending,URS,BBG000C3HNW5,2014-10-30,assumed_par_after_failed_gate,
ending,PL,BBG000C3JJC4,2015-02-12,resolved_from_continued_filings,
ending,MASI,BBG000C3W281,2026-06-20,issuer_from_todays_ticker_map,
ending,PARA,BBG000C496P7,2025-08-17,assumed_par_after_failed_gate,
ending,BGCP,BBG000C4MWH4,2023-07-05,resolved_from_continued_filings,
ending,Q,BBG000C4Y9D6,2011-04-11,resolved_from_continued_filings,
ending,WMG,BBG000C7B169,2011-07-31,issuer_from_todays_ticker_map;resolved_from_continued_filings,
ending,KG,BBG000CB2ZY4,2011-02-28,no_last_trade_date,
ending,HCR,BBG000CG0HP5,2008-01-05,security_uncertain,
ending,IMCL,BBG000CGQ485,2008-12-04,no_last_trade_date,
ending,PX,BBG000CGQ6M4,2018-11-10,assumed_par_after_failed_gate,
ending,DISCA,BBG000CHWP52,2022-04-18,resolved_from_continued_filings;assumed_par_after_failed_gate,
ending,SKYF,BBG000CNNMD7,2007-07-12,security_uncertain;no_last_trade_date,
ending,ODP,BBG000CNZC55,2020-07-11,resolved_from_continued_filings,
ending,JNC,BBG000CS7CB8,2007-11-25,security_uncertain;resolved_from_continued_filings,
ending,ACF,BBG000CXLZ20,2010-10-11,resolved_from_continued_filings,
ending,EV,BBG000DBVBY4,2021-03-11,assumed_par_after_failed_gate,
ending,MIR,BBG000DQV8M1,2010-12-17,assumed_par_after_failed_gate,
ending,POM,BBG000DQX1D4,2016-04-03,resolved_from_continued_filings,
ending,EP,BBG000DST2V3,2012-06-04,assumed_par_after_failed_gate,
ending,WW,BBG000DY6735,2013-12-31,issuer_from_todays_ticker_map;continued_filings_rule;last_trade_not_exchange_print:none;last_trade_date_unconfirmed,
ending,WFT,BBG000DY8ZS4,2019-05-15,resolved_from_continued_filings,
ending,STX,BBG000F0KF42,2021-05-28,issuer_from_todays_ticker_map;resolved_from_continued_filings,
ending,SBGI,BBG000F2XXP2,2023-05-31,resolved_from_continued_filings;last_trade_not_exchange_print:none;last_trade_date_unconfirmed,
ending,PRA,BBG000FBWYH0,2026-07-06,issuer_from_todays_ticker_map,
ending,CKFR,BBG000FHN2M1,2007-12-14,security_uncertain;no_last_trade_date,
ending,ABI,BBG000FJJW82,2008-12-06,security_uncertain;assumed_par_after_failed_gate,
ending,DTV,BBG000FL1TC8,2015-08-03,security_uncertain,
ending,PPDI,BBG000FRVFM1,2011-12-15,no_last_trade_date,
ending,IHS,BBG000FVQ434,2016-07-23,assumed_par_after_failed_gate,
ending,WM,BBG000FXYZF9,2008-11-10,last_trade_date_unconfirmed,
ending,AMSG,BBG000G0PPW3,2016-12-11,assumed_par_after_failed_gate,
ending,BOT,BBG000G61VB6,2007-07-23,security_uncertain,
ending,PNRA,BBG000G6BN50,2017-07-28,assumed_par_after_failed_gate,
ending,UB,BBG000G8M3Q5,2008-11-15,resolved_from_continued_filings,
ending,SFD,BBG000GYLKX3,2013-10-07,issuer_from_todays_ticker_map;resolved_from_continued_filings,
ending,TWC,BBG000H89QJ6,2016-05-28,assumed_par_after_failed_gate,
ending,LVLT,BBG000HZFZX3,2017-11-11,resolved_from_continued_filings,
ending,CCO,BBG000J453J8,2019-05-12,issuer_from_todays_ticker_map;resolved_from_continued_filings,
ending,FNF,BBG000JBSJZ4,2014-07-01,issuer_from_todays_ticker_map;continued_filings_rule,
ending,SOV,BBG000JXRXK2,2009-02-12,resolved_from_continued_filings;assumed_par_after_failed_gate,
ending,LGFA,BBG000K1T0M8,2025-05-17,resolved_from_continued_filings,
ending,GXP,BBG000K3T8L8,2018-06-16,assumed_par_after_failed_gate,
ending,CTRX,BBG000KBQZ88,2015-08-02,no_last_trade_date,
ending,AYR,BBG000KZCJJ4,2020-04-09,issuer_from_todays_ticker_map;resolved_from_continued_filings,
ending,THE,BBG000L93Q69,2007-07-22,security_uncertain;assumed_par_after_failed_gate,
ending,MIC,BBG000M34GG1,2022-07-31,assumed_par_after_failed_gate,
ending,TWO,BBG000MG3Y65,2026-09-04,issuer_from_todays_ticker_map,
ending,HHC,BBG000MJRJJ2,2023-08-24,continued_filings_rule,
ending,AWH,BBG000N8Y8W6,2017-07-27,no_last_trade_date,
ending,GTLS,BBG000P1K2X6,2026-07-26,issuer_from_todays_ticker_map,
ending,SPB,BBG000P4BQM9,2018-07-26,issuer_from_todays_ticker_map;continuation_by_timing_only,
ending,GTI,BBG000PJ88D0,2015-08-27,resolved_from_continued_filings,
ending,IAR,BBG000PSSG77,2009-01-01,resolved_from_continued_filings;last_trade_date_unconfirmed,
ending,HTS,BBG000PTXBV3,2016-07-22,assumed_par_after_failed_gate;last_trade_date_text_conflict,
ending,CHTR,BBG000PYZSR8,2016-05-18,issuer_from_todays_ticker_map;resolved_from_continued_filings,
ending,NRF,BBG000Q5RW63,2014-07-01,resolved_from_continued_filings,
ending,ITC,BBG000QDST26,2016-10-24,resolved_from_continued_filings,
ending,BLUE,BBG000QGWY50,2025-06-12,assumed_par_after_failed_gate,
ending,IPHI,BBG000R23VW8,2020-10-23,no_last_trade_date;earlier_ending:2021-04-30,
ending,BKC,BBG000R3BYX0,2010-10-30,resolved_from_continued_filings,
ending,NWA,BBG000RFD341,2008-11-09,resolved_from_continued_filings,
ending,CPN,BBG000V31J96,2018-03-24,resolved_from_continued_filings,
ending,DISCK,BBG000VMWHH5,2022-04-18,resolved_from_continued_filings;assumed_par_after_failed_gate,
ending,CZR,BBG0017T9998,2020-07-30,no_last_trade_date,
ending,DYN,BBG001D9S707,2010-05-25,continued_filings_rule,
ending,GRUB,BBG001KWG293,2021-06-25,assumed_par_after_failed_gate,
ending,KRFT,BBG001YMS0B8,2015-07-12,assumed_par_after_failed_gate,
ending,STOR,BBG00265T6Q4,2023-02-13,resolved_from_continued_filings,
ending,UNIT,BBG002B67HB2,2025-08-01,assumed_par_after_failed_gate;last_trade_not_exchange_print:none;last_trade_date_unconfirmed,
ending,MNK,BBG002BHBHM1,2020-10-23,last_trade_date_unconfirmed,
ending,GOOG,BBG002W96FT9,2015-10-12,security_uncertain;no_evidence_default,
ending,LVNTA,BBG0038K9G41,2018-03-19,security_uncertain;resolved_from_continued_filings,
ending,LMCA,BBG003P9ZSL3,2016-04-28,continuation_by_timing_only,
ending,TMHC,BBG003PGJHP5,2026-08-03,issuer_from_todays_ticker_map,
ending,CWENA,BBG004P33PN3,2026-05-11,no_evidence_default;unknown_exit_kind,
ending,EPE,BBG0057K5Y79,2019-06-17,resolved_from_continued_filings,
ending,LTRPA,BBG005DKMJ67,2023-11-30,resolved_from_continued_filings,
ending,WPG,BBG005PWSVQ3,2021-09-30,no_last_trade_date,
ending,LMCK,BBG005SW6TK5,2016-04-28,continuation_by_timing_only,
ending,KING,BBG0060HN0R3,2016-03-04,no_evidence_default;unknown_exit_kind,
ending,MRD,BBG0069FL5L5,2016-09-26,assumed_par_after_failed_gate,
ending,VSTO,BBG006F8QZK4,2024-12-07,assumed_par_after_failed_gate,
ending,LBRDA,BBG006GNRZ83,2026-08-30,issuer_from_todays_ticker_map,
ending,LBRDK,BBG006GNSZW5,2026-08-30,issuer_from_todays_ticker_map,
ending,ARD,BBG006LYGNL7,2021-10-16,no_last_trade_date,
ending,GCI,BBG006XVD9G0,2019-11-30,security_uncertain;assumed_par_after_failed_gate,
ending,BLD,BBG0077VS2C0,2026-07-11,issuer_from_todays_ticker_map;assumed_par_after_failed_gate,
ending,CPGX,BBG0077WYXF0,2016-07-11,resolved_from_continued_filings,
ending,APLS,BBG007KGRPY4,2026-05-24,issuer_from_todays_ticker_map,
ending,BKFS,BBG007SV7NV3,2017-10-03,resolved_from_continued_filings,
ending,NSA,BBG008417VN4,2026-08-01,issuer_from_todays_ticker_map,
ending,VRM,BBG009NGKQ45,2024-11-13,issuer_from_todays_ticker_map;last_trade_not_exchange_print:none;last_trade_date_unconfirmed,
ending,LKSD,BBG009R0CVG1,2020-01-24,resolved_from_continued_filings,
ending,MTCH,BBG00B6WH9G3,2020-07-11,issuer_from_todays_ticker_map,
ending,TEAM,BBG00BDQ1H13,2022-10-10,continuation_by_timing_only,
ending,LSXMA,BBG00BFHD827,2023-08-13,continuation_by_timing_only,
ending,LSXMK,BBG00BFHD9S7,2023-08-13,continuation_by_timing_only,
ending,FWONA,BBG00BFHDCV6,2023-08-13,continuation_by_timing_only,
ending,FWONK,BBG00BFHDFR4,2023-08-13,continuation_by_timing_only,
ending,ATH,BBG00CW2JCN1,2022-01-13,resolved_from_continued_filings,
ending,HTZ,BBG00D1WHZD9,2020-11-09,issuer_from_todays_ticker_map,
ending,DVMT,BBG00DJ2LJF5,2019-01-07,continued_filings_rule,
ending,LGFB,BBG00FFJY867,2025-05-17,resolved_from_continued_filings,
ending,BTU,BBG00GBV88T6,2016-05-14,issuer_from_todays_ticker_map,
ending,JHG,BBG00GSNPM07,2026-07-11,issuer_from_todays_ticker_map,
ending,GTX,BBG00HY28P97,2020-10-18,issuer_from_todays_ticker_map,
ending,GTES,BBG00JM9V731,2026-07-30,issuer_from_todays_ticker_map,
ending,GLIBA,BBG00K7K2XZ0,2020-12-31,assumed_par_after_failed_gate,
ending,BPYU,BBG00LT2PDY4,2021-08-05,no_evidence_default;unknown_exit_kind,
ending,TMUSR,BBG00VNLZL95,2020-08-06,no_last_trade_date,
ending,BEPC,BBG00W5FS571,2025-01-09,issuer_from_todays_ticker_map;resolved_from_continued_filings,
ending,WLL,BBG00WYYC600,2017-11-09,continued_filings_rule,
ending,CRC,BBG00Y04KP80,2016-06-01,issuer_from_todays_ticker_map;continued_filings_rule,
ending,CHK,BBG00Z6DX554,2020-07-30,issuer_from_todays_ticker_map,
ending,DSEY,BBG00ZHCT050,2023-07-15,no_last_trade_date,
ending,MCW,BBG011FS2K38,2026-05-29,issuer_from_todays_ticker_map,
ending,OLPX,BBG012BV9SK0,2026-07-17,issuer_from_todays_ticker_map,
ending,EHAB,BBG014QJ5BV6,2026-05-25,issuer_from_todays_ticker_map,
ending,LSXMA,BBG01HLM8W28,2024-09-19,resolved_from_continued_filings;assumed_par_after_failed_gate,
ending,LLYVA,BBG01HMFL081,2025-12-25,security_uncertain;resolved_from_continued_filings;no_last_trade_date,
ending,LLYVK,BBG01HMFLTN1,2025-12-25,security_uncertain;resolved_from_continued_filings;no_last_trade_date,
ending,UAG,CIK1019849-COMMON,2009-06-08,continued_filings_rule;last_trade_not_exchange_print:none;last_trade_date_unconfirmed,
ending,GSF,CIK1038914-COMMON,2007-12-23,security_uncertain,
ending,WAG,CIK104207-COMMON,2015-01-09,assumed_par_after_failed_gate,
ending,SVM,CIK1052045-COMMON,2007-08-04,security_uncertain;resolved_from_continued_filings,
ending,CEB,CIK1066104-COMMON,2015-05-15,continued_filings_rule;last_trade_not_exchange_print:none;last_trade_date_unconfirmed,
ending,TRI,CIK1074771-COMMON,2007-08-05,security_uncertain,
ending,AV,CIK1116521-COMMON,2007-11-05,security_uncertain;resolved_from_continued_filings,
ending,CEN,CIK1124887-COMMON,2007-11-23,security_uncertain;resolved_from_continued_filings,
ending,RRI,CIK1126294-COMMON,2010-12-03,resolved_from_continued_filings;assumed_par_after_failed_gate;last_trade_not_exchange_print:none;last_trade_date_unconfirmed,
ending,ABBI,CIK1141399-COMMON,2008-09-20,no_last_trade_date,
ending,ASN,CIK1156826-COMMON,2007-10-20,security_uncertain,
ending,NCRA,CIK1308161-CLASS-A,2013-06-28,security_uncertain;resolved_from_continued_filings;last_trade_not_exchange_print:none;last_trade_date_unconfirmed,
ending,NWS-A,CIK1308161-COMMON,2013-07-01,resolved_from_continued_filings;assumed_par_after_failed_gate;last_trade_not_exchange_print:none;last_trade_date_unconfirmed,
ending,CHAP,CIK1319048-COMMON,2007-09-24,security_uncertain;no_last_trade_date,
ending,UAC-C,CIK1336917-CLASS-C,2016-06-30,security_uncertain;continued_filings_rule;last_trade_not_exchange_print:none;last_trade_date_unconfirmed,
ending,QRTEA,CIK1355096-COMMON,2018-04-11,security_uncertain;continuation_by_timing_only,
ending,SXCI,CIK1363851-COMMON,2012-07-24,resolved_from_continued_filings;assumed_par_after_failed_gate,
ending,MSG,CIK1469372-CLASS-A,2015-10-02,continued_filings_rule;last_trade_not_exchange_print:none;last_trade_date_unconfirmed,
ending,LMCA,CIK1507934-CLASS-A,2013-01-16,continued_filings_rule;last_trade_not_exchange_print:none;last_trade_date_unconfirmed,
ending,CSAL,CIK1620280-COMMON,2017-02-28,continued_filings_rule,
ending,GOCO,CIK1808220-CLASS-A,2022-11-17,issuer_from_todays_ticker_map;resolved_from_continued_filings;last_trade_not_exchange_print:none;last_trade_date_unconfirmed,
ending,CBSS,CIK18568-COMMON,2007-09-16,security_uncertain;no_last_trade_date,
ending,PPP,CIK230463-COMMON,2008-02-07,security_uncertain;assumed_par_after_failed_gate,
ending,ESV,CIK314808-COMMON,2012-05-22,continuation_by_timing_only,
ending,BMET,CIK351346-COMMON,2007-10-05,security_uncertain;no_last_trade_date,
ending,FNP,CIK352363-COMMON,2014-02-25,resolved_from_continued_filings,
ending,FST,CIK38079-COMMON,2015-01-25,resolved_from_continued_filings,
ending,HLT,CIK47580-COMMON,2007-11-04,security_uncertain,
ending,HUB-B,CIK48898-CLASS-B,2016-01-03,security_uncertain;continued_filings_rule,
ending,AT,CIK65873-COMMON,2007-11-30,security_uncertain;resolved_from_continued_filings,
ending,SUNW,CIK709519-COMMON,2010-02-05,no_last_trade_date,
ending,YRCW,CIK716006-COMMON,2021-02-10,continued_filings_rule,
ending,AGE,CIK718482-COMMON,2007-10-11,security_uncertain,
ending,LI,CIK737874-COMMON,2007-10-11,security_uncertain,
ending,ERA,CIK73887-COMMON,2013-06-28,continued_filings_rule;last_trade_not_exchange_print:none;last_trade_date_unconfirmed,
ending,CCE,CIK804055-COMMON,2010-10-15,assumed_par_after_failed_gate,
ending,SLR,CIK835541-COMMON,2007-10-13,security_uncertain,
ending,AH,CIK845752-COMMON,2007-08-11,security_uncertain,
ending,CYTC,CIK849778-COMMON,2007-11-01,security_uncertain;no_last_trade_date,
ending,SPWRA,CIK867773-COMMON,2011-11-26,continued_filings_rule,
ending,SPNV,CIK886835-COMMON,2020-10-12,resolved_from_continued_filings;last_trade_date_unconfirmed,
ending,IAC,CIK891103-COMMON,2014-06-30,security_uncertain;continued_filings_rule;last_trade_not_exchange_print:none;last_trade_date_unconfirmed,
ending,GGP,CIK895648-COMMON,2009-05-21,earlier_ending:2010-11-11,
ending,STN,CIK898660-COMMON,2007-11-18,security_uncertain;resolved_from_continued_filings,
ending,DTV,CIK944868-COMMON,2009-11-29,security_uncertain;no_last_trade_date,
security,BOL,BBG000BDLLR9,2004-11-16,seeds_outside_history:1 from 2008-01-16,
security,DJ,BBG000BH5K72,2005-01-28,seeds_outside_history:1 from 2008-01-16,
security,CDWC,BBG000BHD665,2004-11-09,seeds_outside_history:1 from 2008-01-16,
security,GOOGL,BBG000BHSKN9,2007-12-27,ticker_overlap:GOOG,BBG002W96FT9
security,DADE,BBG000BJ3QD0,2004-11-29,seeds_outside_history:1 from 2008-01-16,
security,FRK,BBG000BJV732,2004-12-03,seeds_outside_history:1 from 2008-01-16,
security,IFIN,BBG000BJXXX0,2004-07-14,seeds_outside_history:1 from 2008-01-16,
security,TGNA,BBG000BK5DP1,2007-12-19,ticker_overlap:GCI,BBG006XVD9G0
security,IAC,BBG000BKQG80,2008-08-26,ticker_overlap:IACI,CIK891103-COMMON
security,AQNT,BBG000BMZLP6,2004-08-24,seeds_outside_history:1 from 2008-01-16,
security,MEL,BBG000BNXLK1,2004-07-07,seeds_outside_history:1 from 2008-01-16,
security,TEK,BBG000BV3594,2004-12-10,seeds_outside_history:1 from 2008-01-16,
security,KSE,BBG000BV52H0,2004-11-15,seeds_outside_history:1 from 2008-01-16,
security,,BBG000BVK2W6,,seeds_outside_history:1 from 2008-01-16,
security,TXU,BBG000BVW841,2004-10-14,seeds_outside_history:1 from 2008-01-16,
security,LYO,BBG000C0ZL64,2004-12-21,seeds_outside_history:1 from 2008-01-16,
security,HCR,BBG000CG0HP5,2007-12-17,seeds_outside_history:1 from 2008-01-16,
security,,BBG000CNNMD7,,seeds_outside_history:1 from 2008-01-16,
security,JNC,BBG000CS7CB8,2005-03-09,seeds_outside_history:1 from 2008-01-16,
security,CKFR,BBG000FHN2M1,2004-12-31,seeds_outside_history:1 from 2008-01-16,
security,ABI,BBG000FJJW82,2008-01-07,seeds_outside_history:1 from 2009-06-08,
security,DTV,BBG000FL1TC8,2009-11-20,ticker_overlap:DTV,CIK944868-COMMON
security,BOT,BBG000G61VB6,2005-10-25,seeds_outside_history:1 from 2008-01-16,
security,THE,BBG000L93Q69,2004-09-16,seeds_outside_history:1 from 2008-01-16,
security,GOOG,BBG002W96FT9,2014-04-04,ticker_overlap:GOOG,BBG000BHSKN9
security,LVNTA,BBG0038K9G41,2012-08-21,ticker_overlap:LVNTA,CIK1355096-COMMON
security,GCI,BBG006XVD9G0,2015-07-01,ticker_overlap:GCI,BBG000BK5DP1
security,LLYVA,BBG01HMFL081,2023-08-04,ticker_overlap:LLYVA,BBG01YY256K1
security,LLYVK,BBG01HMFLTN1,2023-08-04,ticker_overlap:LLYVK,BBG01YYX1Z14
security,LLYVA,BBG01YY256K1,2025-12-17,ticker_overlap:LLYVA,BBG01HMFL081
security,LLYVK,BBG01YYX1Z14,2025-12-17,ticker_overlap:LLYVK,BBG01HMFLTN1
security,GSF,CIK1038914-COMMON,2004-11-26,seeds_outside_history:1 from 2008-01-16,
security,SVM,CIK1052045-COMMON,2004-07-26,seeds_outside_history:1 from 2008-01-16,
security,TRI,CIK1074771-COMMON,2004-07-26,seeds_outside_history:1 from 2008-01-16,
security,AV,CIK1116521-COMMON,2004-11-02,seeds_outside_history:1 from 2008-01-16,
security,CEN,CIK1124887-COMMON,2004-11-10,seeds_outside_history:1 from 2008-01-16,
security,ASN,CIK1156826-COMMON,2004-10-13,seeds_outside_history:1 from 2008-01-16,
security,NCRA,CIK1308161-CLASS-A,2012-06-29,placeholder_without_ticker_filing:CIK 1308161,
security,CHAP,CIK1319048-COMMON,2005-08-02,seeds_outside_history:1 from 2008-01-16,
security,UAC-C,CIK1336917-CLASS-C,2016-06-30,placeholder_without_ticker_filing:CIK 1336917,
security,QRTEA,CIK1355096-COMMON,2007-12-17,ticker_overlap:LVNTA,BBG0038K9G41
security,CBSS,CIK18568-COMMON,2004-10-12,seeds_outside_history:1 from 2008-01-16,
security,PPP,CIK230463-COMMON,2004-11-08,seeds_outside_history:1 from 2008-01-16,
security,BMET,CIK351346-COMMON,2004-10-06,seeds_outside_history:1 from 2008-01-16,
security,HLT,CIK47580-COMMON,2004-11-01,seeds_outside_history:1 from 2008-01-16,
security,HUB-B,CIK48898-CLASS-B,2008-01-16,placeholder_without_ticker_filing:CIK 48898,
security,AT,CIK65873-COMMON,2004-12-07,seeds_outside_history:1 from 2008-01-16,
security,AGE,CIK718482-COMMON,2004-09-30,seeds_outside_history:1 from 2008-01-16,
security,LI,CIK737874-COMMON,2004-10-18,seeds_outside_history:1 from 2008-01-16,
security,SLR,CIK835541-COMMON,2004-10-01,seeds_outside_history:1 from 2008-01-16,
security,AH,CIK845752-COMMON,2004-08-05,seeds_outside_history:1 from 2008-01-16,
security,CYTC,CIK849778-COMMON,2005-02-08,seeds_outside_history:1 from 2008-01-16,
security,IAC,CIK891103-COMMON,2008-01-07,ticker_overlap:IACI,BBG000BKQG80
security,STN,CIK898660-COMMON,2004-11-12,seeds_outside_history:1 from 2008-01-16,
security,DTV,CIK944868-COMMON,2007-12-21,ticker_overlap:DTV,BBG000FL1TC8
seed,APTV,,2012-06-29,not_placed,
seed,APTV,,2012-12-31,not_placed,
seed,APTV,,2013-06-28,not_placed,
seed,APTV,,2013-12-31,not_placed,
seed,CPS,BBG000BB1BW1,2008-11-18,outside_security_history,
seed,CPS,BBG000BB1BW1,2009-01-23,outside_security_history,
seed,CPS,BBG000BB1BW1,2009-03-20,outside_security_history,
seed,CPS,BBG000BB1BW1,2009-06-08,outside_security_history,
seed,DNA,BBG000BB27M0,2009-06-08,outside_security_history,
seed,TMA,BBG000BBG3P1,2009-01-23,outside_security_history,
seed,TMA,BBG000BBG3P1,2009-03-20,outside_security_history,
seed,TMA,BBG000BBG3P1,2009-06-08,outside_security_history,
seed,BOL,BBG000BDLLR9,2008-01-16,outside_security_history,
seed,BOL,BBG000BDLLR9,2008-05-31,outside_security_history,
seed,BOL,BBG000BDLLR9,2008-07-25,outside_security_history,
seed,BOL,BBG000BDLLR9,2008-11-18,outside_security_history,
seed,BOL,BBG000BDLLR9,2009-01-23,outside_security_history,
seed,BOL,BBG000BDLLR9,2009-03-20,outside_security_history,
seed,BOL,BBG000BDLLR9,2009-06-08,outside_security_history,
seed,BRL,BBG000BDQGN9,2009-01-23,outside_security_history,
seed,BRL,BBG000BDQGN9,2009-03-20,outside_security_history,
seed,BRL,BBG000BDQGN9,2009-06-08,outside_security_history,
seed,HTV,BBG000BDRMN5,2009-06-08,outside_security_history,
seed,BSC,BBG000BDRQ10,2008-05-31,outside_security_history,
seed,BSC,BBG000BDRQ10,2008-07-25,outside_security_history,
seed,BUD,BBG000BDTNN1,2008-11-18,outside_security_history,
seed,BUD,BBG000BDTNN1,2009-01-23,outside_security_history,
seed,BUD,BBG000BDTNN1,2009-03-20,outside_security_history,
seed,BUD,BBG000BDTNN1,2009-06-08,outside_security_history,
seed,CB,BBG000BF1R66,2012-06-29,seen_under_two_names,BBG000BR14K5
seed,CB,BBG000BF1R66,2012-12-31,seen_under_two_names,BBG000BR14K5
seed,CB,BBG000BF1R66,2013-06-28,seen_under_two_names,BBG000BR14K5
seed,CB,BBG000BF1R66,2013-12-31,seen_under_two_names,BBG000BR14K5
seed,CB,BBG000BF1R66,2014-06-30,seen_under_two_names,BBG000BR14K5
seed,CC,BBG000BF4VY3,2008-11-18,outside_security_history,
seed,CC,BBG000BF4VY3,2009-01-23,outside_security_history,
seed,CC,BBG000BF4VY3,2009-03-20,outside_security_history,
seed,CC,BBG000BF4VY3,2009-06-08,outside_security_history,
seed,NMX,BBG000BF6F94,2008-11-18,outside_security_history,
seed,NMX,BBG000BF6F94,2009-01-23,outside_security_history,
seed,NMX,BBG000BF6F94,2009-03-20,outside_security_history,
seed,NMX,BBG000BF6F94,2009-06-08,outside_security_history,
seed,CFC,BBG000BF7XZ5,2008-07-25,outside_security_history,
seed,CFC,BBG000BF7XZ5,2008-11-18,outside_security_history,
seed,CFC,BBG000BF7XZ5,2009-01-23,outside_security_history,
seed,CFC,BBG000BF7XZ5,2009-03-20,outside_security_history,
seed,CFC,BBG000BF7XZ5,2009-06-08,outside_security_history,
seed,DJ,BBG000BH5K72,2008-01-16,outside_security_history,
seed,DJ,BBG000BH5K72,2008-05-31,outside_security_history,
seed,DJ,BBG000BH5K72,2008-07-25,outside_security_history,
seed,DJ,BBG000BH5K72,2008-11-18,outside_security_history,
seed,DJ,BBG000BH5K72,2009-01-23,outside_security_history,
seed,DJ,BBG000BH5K72,2009-03-20,outside_security_history,
seed,DJ,BBG000BH5K72,2009-06-08,outside_security_history,
seed,CDWC,BBG000BHD665,2008-01-16,outside_security_history,
seed,CDWC,BBG000BHD665,2008-05-31,outside_security_history,
seed,CDWC,BBG000BHD665,2008-07-25,outside_security_history,
seed,CDWC,BBG000BHD665,2008-11-18,outside_security_history,
seed,CDWC,BBG000BHD665,2009-01-23,outside_security_history,
seed,CDWC,BBG000BHD665,2009-03-20,outside_security_history,
seed,CDWC,BBG000BHD665,2009-06-08,outside_security_history,
seed,AGN,BBG000BHQ1H0,2014-06-30,seen_under_two_names,
seed,DADE,BBG000BJ3QD0,2008-01-16,outside_security_history,
seed,DADE,BBG000BJ3QD0,2008-05-31,outside_security_history,
seed,DADE,BBG000BJ3QD0,2008-07-25,outside_security_history,
seed,DADE,BBG000BJ3QD0,2008-11-18,outside_security_history,
seed,DADE,BBG000BJ3QD0,2009-01-23,outside_security_history,
seed,DADE,BBG000BJ3QD0,2009-03-20,outside_security_history,
seed,DADE,BBG000BJ3QD0,2009-06-08,outside_security_history,
seed,FRK,BBG000BJV732,2008-01-16,outside_security_history,
seed,FRK,BBG000BJV732,2008-05-31,outside_security_history,
seed,FRK,BBG000BJV732,2008-07-25,outside_security_history,
seed,FRK,BBG000BJV732,2008-11-18,outside_security_history,
seed,FRK,BBG000BJV732,2009-01-23,outside_security_history,
seed,FRK,BBG000BJV732,2009-03-20,outside_security_history,
seed,FRK,BBG000BJV732,2009-06-08,outside_security_history,
seed,IFIN,BBG000BJXXX0,2008-01-16,outside_security_history,
seed,IFIN,BBG000BJXXX0,2008-05-31,outside_security_history,
seed,IFIN,BBG000BJXXX0,2008-07-25,outside_security_history,
seed,IFIN,BBG000BJXXX0,2008-11-18,outside_security_history,
seed,IFIN,BBG000BJXXX0,2009-01-23,outside_security_history,
seed,IFIN,BBG000BJXXX0,2009-03-20,outside_security_history,
seed,IFIN,BBG000BJXXX0,2009-06-08,outside_security_history,
seed,PHLY,BBG000BKKXG0,2009-01-23,outside_security_history,
seed,PHLY,BBG000BKKXG0,2009-03-20,outside_security_history,
seed,PHLY,BBG000BKKXG0,2009-06-08,outside_security_history,
seed,LEH,BBG000BKRK35,2008-11-18,outside_security_history,
seed,LEH,BBG000BKRK35,2009-01-23,outside_security_history,
seed,LEH,BBG000BKRK35,2009-03-20,outside_security_history,
seed,LEH,BBG000BKRK35,2009-06-08,outside_security_history,
seed,IMB,BBG000BLY636,2008-07-25,outside_security_history,
seed,IMB,BBG000BLY636,2008-11-18,outside_security_history,
seed,IMB,BBG000BLY636,2009-01-23,outside_security_history,
seed,IMB,BBG000BLY636,2009-03-20,outside_security_history,
seed,IMB,BBG000BLY636,2009-06-08,outside_security_history,
seed,GYI,BBG000BMGL77,2008-07-25,outside_security_history,
seed,GYI,BBG000BMGL77,2008-11-18,outside_security_history,
seed,GYI,BBG000BMGL77,2009-01-23,outside_security_history,
seed,GYI,BBG000BMGL77,2009-03-20,outside_security_history,
seed,GYI,BBG000BMGL77,2009-06-08,outside_security_history,
seed,AQNT,BBG000BMZLP6,2008-01-16,outside_security_history,
seed,AQNT,BBG000BMZLP6,2008-05-31,outside_security_history,
seed,AQNT,BBG000BMZLP6,2008-07-25,outside_security_history,
seed,AQNT,BBG000BMZLP6,2008-11-18,outside_security_history,
seed,AQNT,BBG000BMZLP6,2009-01-23,outside_security_history,
seed,AQNT,BBG000BMZLP6,2009-03-20,outside_security_history,
seed,AQNT,BBG000BMZLP6,2009-06-08,outside_security_history,
seed,MEL,BBG000BNXLK1,2008-01-16,outside_security_history,
seed,MEL,BBG000BNXLK1,2008-05-31,outside_security_history,
seed,MEL,BBG000BNXLK1,2008-07-25,outside_security_history,
seed,MEL,BBG000BNXLK1,2008-11-18,outside_security_history,
seed,MEL,BBG000BNXLK1,2009-01-23,outside_security_history,
seed,MEL,BBG000BNXLK1,2009-03-20,outside_security_history,
seed,MEL,BBG000BNXLK1,2009-06-08,outside_security_history,
seed,MER,BBG000BNY0W3,2009-01-23,outside_security_history,
seed,MER,BBG000BNY0W3,2009-03-20,outside_security_history,
seed,MER,BBG000BNY0W3,2009-06-08,outside_security_history,
seed,BEAS,BBG000BP2HH3,2008-05-31,outside_security_history,
seed,BEAS,BBG000BP2HH3,2008-07-25,outside_security_history,
seed,BEAS,BBG000BP2HH3,2008-11-18,outside_security_history,
seed,BEAS,BBG000BP2HH3,2009-01-23,outside_security_history,
seed,BEAS,BBG000BP2HH3,2009-03-20,outside_security_history,
seed,BEAS,BBG000BP2HH3,2009-06-08,outside_security_history,
seed,CB,BBG000BR14K5,2012-06-29,seen_under_two_names,BBG000BF1R66
seed,CB,BBG000BR14K5,2012-12-31,seen_under_two_names,BBG000BF1R66
seed,CB,BBG000BR14K5,2013-06-28,seen_under_two_names,BBG000BF1R66
seed,CB,BBG000BR14K5,2013-12-31,seen_under_two_names,BBG000BF1R66
seed,CB,BBG000BR14K5,2014-06-30,seen_under_two_names,BBG000BF1R66
seed,RHD,BBG000BRF6B5,2009-01-23,outside_security_history,
seed,RHD,BBG000BRF6B5,2009-03-20,outside_security_history,
seed,RHD,BBG000BRF6B5,2009-06-08,outside_security_history,
seed,PSD,BBG000BRMVZ6,2009-03-20,outside_security_history,
seed,PSD,BBG000BRMVZ6,2009-06-08,outside_security_history,
seed,RESP,BBG000BS3FD4,2008-05-31,outside_security_history,
seed,RESP,BBG000BS3FD4,2008-07-25,outside_security_history,
seed,RESP,BBG000BS3FD4,2008-11-18,outside_security_history,
seed,RESP,BBG000BS3FD4,2009-01-23,outside_security_history,
seed,RESP,BBG000BS3FD4,2009-03-20,outside_security_history,
seed,RESP,BBG000BS3FD4,2009-06-08,outside_security_history,
seed,ROH,BBG000BSBB99,2009-06-08,outside_security_history,
seed,SAF,BBG000BSHHP2,2008-11-18,outside_security_history,
seed,SAF,BBG000BSHHP2,2009-01-23,outside_security_history,
seed,SAF,BBG000BSHHP2,2009-03-20,outside_security_history,
seed,SAF,BBG000BSHHP2,2009-06-08,outside_security_history,
seed,SIE,BBG000BSYVD5,2008-05-31,outside_security_history,
seed,SIE,BBG000BSYVD5,2008-07-25,outside_security_history,
seed,SIE,BBG000BSYVD5,2008-11-18,outside_security_history,
seed,SIE,BBG000BSYVD5,2009-01-23,outside_security_history,
seed,SIE,BBG000BSYVD5,2009-03-20,outside_security_history,
seed,SIE,BBG000BSYVD5,2009-06-08,outside_security_history,
seed,TEK,BBG000BV3594,2008-01-16,outside_security_history,
seed,TEK,BBG000BV3594,2008-05-31,outside_security_history,
seed,TEK,BBG000BV3594,2008-07-25,outside_security_history,
seed,TEK,BBG000BV3594,2008-11-18,outside_security_history,
seed,TEK,BBG000BV3594,2009-01-23,outside_security_history,
seed,TEK,BBG000BV3594,2009-03-20,outside_security_history,
seed,TEK,BBG000BV3594,2009-06-08,outside_security_history,
seed,KSE,BBG000BV52H0,2008-01-16,outside_security_history,
seed,KSE,BBG000BV52H0,2008-05-31,outside_security_history,
seed,KSE,BBG000BV52H0,2008-07-25,outside_security_history,
seed,KSE,BBG000BV52H0,2008-11-18,outside_security_history,
seed,KSE,BBG000BV52H0,2009-01-23,outside_security_history,
seed,KSE,BBG000BV52H0,2009-03-20,outside_security_history,
seed,KSE,BBG000BV52H0,2009-06-08,outside_security_history,
seed,TRB,BBG000BVK2W6,2008-01-16,outside_security_history,
seed,TRB,BBG000BVK2W6,2008-05-31,outside_security_history,
seed,TRB,BBG000BVK2W6,2008-07-25,outside_security_history,
seed,TRB,BBG000BVK2W6,2008-11-18,outside_security_history,
seed,TRB,BBG000BVK2W6,2009-01-23,outside_security_history,
seed,TRB,BBG000BVK2W6,2009-03-20,outside_security_history,
seed,TRB,BBG000BVK2W6,2009-06-08,outside_security_history,
seed,TXU,BBG000BVW841,2008-01-16,outside_security_history,
seed,TXU,BBG000BVW841,2008-05-31,outside_security_history,
seed,TXU,BBG000BVW841,2008-07-25,outside_security_history,
seed,TXU,BBG000BVW841,2008-11-18,outside_security_history,
seed,TXU,BBG000BVW841,2009-01-23,outside_security_history,
seed,TXU,BBG000BVW841,2009-03-20,outside_security_history,
seed,TXU,BBG000BVW841,2009-06-08,outside_security_history,
seed,UST,BBG000BW73T1,2009-01-23,outside_security_history,
seed,UST,BBG000BW73T1,2009-03-20,outside_security_history,
seed,UST,BBG000BW73T1,2009-06-08,outside_security_history,
seed,WWY,BBG000BX3B60,2008-11-18,outside_security_history,
seed,WWY,BBG000BX3B60,2009-01-23,outside_security_history,
seed,WWY,BBG000BX3B60,2009-03-20,outside_security_history,
seed,WWY,BBG000BX3B60,2009-06-08,outside_security_history,
seed,MLNM,BBG000BX67G5,2008-05-31,outside_security_history,
seed,MLNM,BBG000BX67G5,2008-07-25,outside_security_history,
seed,MLNM,BBG000BX67G5,2008-11-18,outside_security_history,
seed,MLNM,BBG000BX67G5,2009-01-23,outside_security_history,
seed,MLNM,BBG000BX67G5,2009-03-20,outside_security_history,
seed,MLNM,BBG000BX67G5,2009-06-08,outside_security_history,
seed,NVT,BBG000C01DF9,2008-07-25,outside_security_history,
seed,NVT,BBG000C01DF9,2008-11-18,outside_security_history,
seed,NVT,BBG000C01DF9,2009-01-23,outside_security_history,
seed,NVT,BBG000C01DF9,2009-03-20,outside_security_history,
seed,NVT,BBG000C01DF9,2009-06-08,outside_security_history,
seed,XMSR,BBG000C070N2,2008-11-18,outside_security_history,
seed,XMSR,BBG000C070N2,2009-01-23,outside_security_history,
seed,XMSR,BBG000C070N2,2009-03-20,outside_security_history,
seed,XMSR,BBG000C070N2,2009-06-08,outside_security_history,
seed,NCC,BBG000C0PBV9,2009-01-23,outside_security_history,
seed,NCC,BBG000C0PBV9,2009-03-20,outside_security_history,
seed,NCC,BBG000C0PBV9,2009-06-08,outside_security_history,
seed,LYO,BBG000C0ZL64,2008-01-16,outside_security_history,
seed,LYO,BBG000C0ZL64,2008-05-31,outside_security_history,
seed,LYO,BBG000C0ZL64,2008-07-25,outside_security_history,
seed,LYO,BBG000C0ZL64,2008-11-18,outside_security_history,
seed,LYO,BBG000C0ZL64,2009-01-23,outside_security_history,
seed,LYO,BBG000C0ZL64,2009-03-20,outside_security_history,
seed,LYO,BBG000C0ZL64,2009-06-08,outside_security_history,
seed,HET,BBG000C1TTV4,2008-05-31,outside_security_history,
seed,HET,BBG000C1TTV4,2008-07-25,outside_security_history,
seed,HET,BBG000C1TTV4,2008-11-18,outside_security_history,
seed,HET,BBG000C1TTV4,2009-01-23,outside_security_history,
seed,HET,BBG000C1TTV4,2009-03-20,outside_security_history,
seed,HET,BBG000C1TTV4,2009-06-08,outside_security_history,
seed,EDS,BBG000C2NV89,2008-11-18,outside_security_history,
seed,EDS,BBG000C2NV89,2009-01-23,outside_security_history,
seed,EDS,BBG000C2NV89,2009-03-20,outside_security_history,
seed,EDS,BBG000C2NV89,2009-06-08,outside_security_history,
seed,HOLX,BBG000C3NTN5,2026-06-30,outside_security_history,
seed,AW,BBG000C4XD11,2009-01-23,outside_security_history,
seed,AW,BBG000C4XD11,2009-03-20,outside_security_history,
seed,AW,BBG000C4XD11,2009-06-08,outside_security_history,
seed,HCR,BBG000CG0HP5,2008-01-16,outside_security_history,
seed,HCR,BBG000CG0HP5,2008-05-31,outside_security_history,
seed,HCR,BBG000CG0HP5,2008-07-25,outside_security_history,
seed,HCR,BBG000CG0HP5,2008-11-18,outside_security_history,
seed,HCR,BBG000CG0HP5,2009-01-23,outside_security_history,
seed,HCR,BBG000CG0HP5,2009-03-20,outside_security_history,
seed,HCR,BBG000CG0HP5,2009-06-08,outside_security_history,
seed,IMCL,BBG000CGQ485,2009-01-23,outside_security_history,
seed,IMCL,BBG000CGQ485,2009-03-20,outside_security_history,
seed,IMCL,BBG000CGQ485,2009-06-08,outside_security_history,
seed,GRP,BBG000CKRZF8,2008-05-31,outside_security_history,
seed,GRP,BBG000CKRZF8,2008-07-25,outside_security_history,
seed,GRP,BBG000CKRZF8,2008-11-18,outside_security_history,
seed,GRP,BBG000CKRZF8,2009-01-23,outside_security_history,
seed,GRP,BBG000CKRZF8,2009-03-20,outside_security_history,
seed,GRP,BBG000CKRZF8,2009-06-08,outside_security_history,
seed,SKYF,BBG000CNNMD7,2008-01-16,outside_security_history,
seed,SKYF,BBG000CNNMD7,2008-05-31,outside_security_history,
seed,SKYF,BBG000CNNMD7,2008-07-25,outside_security_history,
seed,SKYF,BBG000CNNMD7,2008-11-18,outside_security_history,
seed,SKYF,BBG000CNNMD7,2009-01-23,outside_security_history,
seed,SKYF,BBG000CNNMD7,2009-03-20,outside_security_history,
seed,SKYF,BBG000CNNMD7,2009-06-08,outside_security_history,
seed,JNC,BBG000CS7CB8,2008-01-16,outside_security_history,
seed,JNC,BBG000CS7CB8,2008-05-31,outside_security_history,
seed,JNC,BBG000CS7CB8,2008-07-25,outside_security_history,
seed,JNC,BBG000CS7CB8,2008-11-18,outside_security_history,
seed,JNC,BBG000CS7CB8,2009-01-23,outside_security_history,
seed,JNC,BBG000CS7CB8,2009-03-20,outside_security_history,
seed,JNC,BBG000CS7CB8,2009-06-08,outside_security_history,
seed,CBH,BBG000DGM399,2008-05-31,outside_security_history,
seed,CBH,BBG000DGM399,2008-07-25,outside_security_history,
seed,CBH,BBG000DGM399,2008-11-18,outside_security_history,
seed,CBH,BBG000DGM399,2009-01-23,outside_security_history,
seed,CBH,BBG000DGM399,2009-03-20,outside_security_history,
seed,CBH,BBG000DGM399,2009-06-08,outside_security_history,
seed,DRS,BBG000DTRKK5,2008-11-18,outside_security_history,
seed,DRS,BBG000DTRKK5,2009-01-23,outside_security_history,
seed,DRS,BBG000DTRKK5,2009-03-20,outside_security_history,
seed,DRS,BBG000DTRKK5,2009-06-08,outside_security_history,
seed,CEM,BBG000F0ZXG4,2009-03-20,outside_security_history,
seed,CEM,BBG000F0ZXG4,2009-06-08,outside_security_history,
seed,EYE,BBG000F4VS53,2009-03-20,outside_security_history,
seed,EYE,BBG000F4VS53,2009-06-08,outside_security_history,
seed,CKFR,BBG000FHN2M1,2008-01-16,outside_security_history,
seed,CKFR,BBG000FHN2M1,2008-05-31,outside_security_history,
seed,CKFR,BBG000FHN2M1,2008-07-25,outside_security_history,
seed,CKFR,BBG000FHN2M1,2008-11-18,outside_security_history,
seed,CKFR,BBG000FHN2M1,2009-01-23,outside_security_history,
seed,CKFR,BBG000FHN2M1,2009-03-20,outside_security_history,
seed,CKFR,BBG000FHN2M1,2009-06-08,outside_security_history,
seed,ABI,BBG000FJJW82,2009-01-23,outside_security_history,
seed,ABI,BBG000FJJW82,2009-03-20,outside_security_history,
seed,ABI,BBG000FJJW82,2009-06-08,outside_security_history,
seed,WB,BBG000FRBSS9,2009-01-23,outside_security_history,
seed,WB,BBG000FRBSS9,2009-03-20,outside_security_history,
seed,WB,BBG000FRBSS9,2009-06-08,outside_security_history,
seed,WM,BBG000FXYZF9,2008-11-18,outside_security_history,
seed,WM,BBG000FXYZF9,2009-01-23,outside_security_history,
seed,WM,BBG000FXYZF9,2009-03-20,outside_security_history,
seed,WM,BBG000FXYZF9,2009-06-08,outside_security_history,
seed,BOT,BBG000G61VB6,2008-01-16,outside_security_history,
seed,BOT,BBG000G61VB6,2008-05-31,outside_security_history,
seed,BOT,BBG000G61VB6,2008-07-25,outside_security_history,
seed,BOT,BBG000G61VB6,2008-11-18,outside_security_history,
seed,BOT,BBG000G61VB6,2009-01-23,outside_security_history,
seed,BOT,BBG000G61VB6,2009-03-20,outside_security_history,
seed,BOT,BBG000G61VB6,2009-06-08,outside_security_history,
seed,UB,BBG000G8M3Q5,2008-11-18,outside_security_history,
seed,UB,BBG000G8M3Q5,2009-01-23,outside_security_history,
seed,UB,BBG000G8M3Q5,2009-03-20,outside_security_history,
seed,UB,BBG000G8M3Q5,2009-06-08,outside_security_history,
seed,EAS,BBG000HZT3L2,2008-11-18,outside_security_history,
seed,EAS,BBG000HZT3L2,2009-01-23,outside_security_history,
seed,EAS,BBG000HZT3L2,2009-03-20,outside_security_history,
seed,EAS,BBG000HZT3L2,2009-06-08,outside_security_history,
seed,SOV,BBG000JXRXK2,2009-03-20,outside_security_history,
seed,SOV,BBG000JXRXK2,2009-06-08,outside_security_history,
seed,SSCC,BBG000K1X873,2009-03-20,outside_security_history,
seed,SSCC,BBG000K1X873,2009-06-08,outside_security_history,
seed,THE,BBG000L93Q69,2008-01-16,outside_security_history,
seed,THE,BBG000L93Q69,2008-05-31,outside_security_history,
seed,THE,BBG000L93Q69,2008-07-25,outside_security_history,
seed,THE,BBG000L93Q69,2008-11-18,outside_security_history,
seed,THE,BBG000L93Q69,2009-01-23,outside_security_history,
seed,THE,BBG000L93Q69,2009-03-20,outside_security_history,
seed,THE,BBG000L93Q69,2009-06-08,outside_security_history,
seed,IAR,BBG000PSSG77,2009-01-23,outside_security_history,
seed,IAR,BBG000PSSG77,2009-03-20,outside_security_history,
seed,IAR,BBG000PSSG77,2009-06-08,outside_security_history,
seed,NWA,BBG000RFD341,2008-11-18,outside_security_history,
seed,NWA,BBG000RFD341,2009-01-23,outside_security_history,
seed,NWA,BBG000RFD341,2009-03-20,outside_security_history,
seed,NWA,BBG000RFD341,2009-06-08,outside_security_history,
seed,ARD,BBG006LYGNL7,2021-12-31,outside_security_history,
seed,ARD,BBG006LYGNL7,2022-06-30,outside_security_history,
seed,ARD,BBG006LYGNL7,2022-12-31,outside_security_history,
seed,ARD,BBG006LYGNL7,2023-06-30,outside_security_history,
seed,ARD,BBG006LYGNL7,2023-12-31,outside_security_history,
seed,ARD,BBG006LYGNL7,2024-06-30,outside_security_history,
seed,GSF,CIK1038914-COMMON,2008-01-16,outside_security_history,
seed,GSF,CIK1038914-COMMON,2008-05-31,outside_security_history,
seed,GSF,CIK1038914-COMMON,2008-07-25,outside_security_history,
seed,GSF,CIK1038914-COMMON,2008-11-18,outside_security_history,
seed,GSF,CIK1038914-COMMON,2009-01-23,outside_security_history,
seed,GSF,CIK1038914-COMMON,2009-03-20,outside_security_history,
seed,GSF,CIK1038914-COMMON,2009-06-08,outside_security_history,
seed,SVM,CIK1052045-COMMON,2008-01-16,outside_security_history,
seed,SVM,CIK1052045-COMMON,2008-05-31,outside_security_history,
seed,SVM,CIK1052045-COMMON,2008-07-25,outside_security_history,
seed,SVM,CIK1052045-COMMON,2008-11-18,outside_security_history,
seed,SVM,CIK1052045-COMMON,2009-01-23,outside_security_history,
seed,SVM,CIK1052045-COMMON,2009-03-20,outside_security_history,
seed,SVM,CIK1052045-COMMON,2009-06-08,outside_security_history,
seed,TRI,CIK1074771-COMMON,2008-01-16,outside_security_history,
seed,TRI,CIK1074771-COMMON,2008-05-31,outside_security_history,
seed,TRI,CIK1074771-COMMON,2008-07-25,outside_security_history,
seed,TRI,CIK1074771-COMMON,2008-11-18,outside_security_history,
seed,TRI,CIK1074771-COMMON,2009-01-23,outside_security_history,
seed,TRI,CIK1074771-COMMON,2009-03-20,outside_security_history,
seed,TRI,CIK1074771-COMMON,2009-06-08,outside_security_history,
seed,AV,CIK1116521-COMMON,2008-01-16,outside_security_history,
seed,AV,CIK1116521-COMMON,2008-05-31,outside_security_history,
seed,AV,CIK1116521-COMMON,2008-07-25,outside_security_history,
seed,AV,CIK1116521-COMMON,2008-11-18,outside_security_history,
seed,AV,CIK1116521-COMMON,2009-01-23,outside_security_history,
seed,AV,CIK1116521-COMMON,2009-03-20,outside_security_history,
seed,AV,CIK1116521-COMMON,2009-06-08,outside_security_history,
seed,CEN,CIK1124887-COMMON,2008-01-16,outside_security_history,
seed,CEN,CIK1124887-COMMON,2008-05-31,outside_security_history,
seed,CEN,CIK1124887-COMMON,2008-07-25,outside_security_history,
seed,CEN,CIK1124887-COMMON,2008-11-18,outside_security_history,
seed,CEN,CIK1124887-COMMON,2009-01-23,outside_security_history,
seed,CEN,CIK1124887-COMMON,2009-03-20,outside_security_history,
seed,CEN,CIK1124887-COMMON,2009-06-08,outside_security_history,
seed,ABBI,CIK1141399-COMMON,2008-11-18,outside_security_history,
seed,ABBI,CIK1141399-COMMON,2009-01-23,outside_security_history,
seed,ABBI,CIK1141399-COMMON,2009-03-20,outside_security_history,
seed,ABBI,CIK1141399-COMMON,2009-06-08,outside_security_history,
seed,ASN,CIK1156826-COMMON,2008-01-16,outside_security_history,
seed,ASN,CIK1156826-COMMON,2008-05-31,outside_security_history,
seed,ASN,CIK1156826-COMMON,2008-07-25,outside_security_history,
seed,ASN,CIK1156826-COMMON,2008-11-18,outside_security_history,
seed,ASN,CIK1156826-COMMON,2009-01-23,outside_security_history,
seed,ASN,CIK1156826-COMMON,2009-03-20,outside_security_history,
seed,ASN,CIK1156826-COMMON,2009-06-08,outside_security_history,
seed,CHAP,CIK1319048-COMMON,2008-01-16,outside_security_history,
seed,CHAP,CIK1319048-COMMON,2008-05-31,outside_security_history,
seed,CHAP,CIK1319048-COMMON,2008-07-25,outside_security_history,
seed,CHAP,CIK1319048-COMMON,2008-11-18,outside_security_history,
seed,CHAP,CIK1319048-COMMON,2009-01-23,outside_security_history,
seed,CHAP,CIK1319048-COMMON,2009-03-20,outside_security_history,
seed,CHAP,CIK1319048-COMMON,2009-06-08,outside_security_history,
seed,CBSS,CIK18568-COMMON,2008-01-16,outside_security_history,
seed,CBSS,CIK18568-COMMON,2008-05-31,outside_security_history,
seed,CBSS,CIK18568-COMMON,2008-07-25,outside_security_history,
seed,CBSS,CIK18568-COMMON,2008-11-18,outside_security_history,
seed,CBSS,CIK18568-COMMON,2009-01-23,outside_security_history,
seed,CBSS,CIK18568-COMMON,2009-03-20,outside_security_history,
seed,CBSS,CIK18568-COMMON,2009-06-08,outside_security_history,
seed,PPP,CIK230463-COMMON,2008-01-16,outside_security_history,
seed,PPP,CIK230463-COMMON,2008-05-31,outside_security_history,
seed,PPP,CIK230463-COMMON,2008-07-25,outside_security_history,
seed,PPP,CIK230463-COMMON,2008-11-18,outside_security_history,
seed,PPP,CIK230463-COMMON,2009-01-23,outside_security_history,
seed,PPP,CIK230463-COMMON,2009-03-20,outside_security_history,
seed,PPP,CIK230463-COMMON,2009-06-08,outside_security_history,
seed,BMET,CIK351346-COMMON,2008-01-16,outside_security_history,
seed,BMET,CIK351346-COMMON,2008-05-31,outside_security_history,
seed,BMET,CIK351346-COMMON,2008-07-25,outside_security_history,
seed,BMET,CIK351346-COMMON,2008-11-18,outside_security_history,
seed,BMET,CIK351346-COMMON,2009-01-23,outside_security_history,
seed,BMET,CIK351346-COMMON,2009-03-20,outside_security_history,
seed,BMET,CIK351346-COMMON,2009-06-08,outside_security_history,
seed,HLT,CIK47580-COMMON,2008-01-16,outside_security_history,
seed,HLT,CIK47580-COMMON,2008-05-31,outside_security_history,
seed,HLT,CIK47580-COMMON,2008-07-25,outside_security_history,
seed,HLT,CIK47580-COMMON,2008-11-18,outside_security_history,
seed,HLT,CIK47580-COMMON,2009-01-23,outside_security_history,
seed,HLT,CIK47580-COMMON,2009-03-20,outside_security_history,
seed,HLT,CIK47580-COMMON,2009-06-08,outside_security_history,
seed,AT,CIK65873-COMMON,2008-01-16,outside_security_history,
seed,AT,CIK65873-COMMON,2008-05-31,outside_security_history,
seed,AT,CIK65873-COMMON,2008-07-25,outside_security_history,
seed,AT,CIK65873-COMMON,2008-11-18,outside_security_history,
seed,AT,CIK65873-COMMON,2009-01-23,outside_security_history,
seed,AT,CIK65873-COMMON,2009-03-20,outside_security_history,
seed,AT,CIK65873-COMMON,2009-06-08,outside_security_history,
seed,AGE,CIK718482-COMMON,2008-01-16,outside_security_history,
seed,AGE,CIK718482-COMMON,2008-05-31,outside_security_history,
seed,AGE,CIK718482-COMMON,2008-07-25,outside_security_history,
seed,AGE,CIK718482-COMMON,2008-11-18,outside_security_history,
seed,AGE,CIK718482-COMMON,2009-01-23,outside_security_history,
seed,AGE,CIK718482-COMMON,2009-03-20,outside_security_history,
seed,AGE,CIK718482-COMMON,2009-06-08,outside_security_history,
seed,LI,CIK737874-COMMON,2008-01-16,outside_security_history,
seed,LI,CIK737874-COMMON,2008-05-31,outside_security_history,
seed,LI,CIK737874-COMMON,2008-07-25,outside_security_history,
seed,LI,CIK737874-COMMON,2008-11-18,outside_security_history,
seed,LI,CIK737874-COMMON,2009-01-23,outside_security_history,
seed,LI,CIK737874-COMMON,2009-03-20,outside_security_history,
seed,LI,CIK737874-COMMON,2009-06-08,outside_security_history,
seed,SLR,CIK835541-COMMON,2008-01-16,outside_security_history,
seed,SLR,CIK835541-COMMON,2008-05-31,outside_security_history,
seed,SLR,CIK835541-COMMON,2008-07-25,outside_security_history,
seed,SLR,CIK835541-COMMON,2008-11-18,outside_security_history,
seed,SLR,CIK835541-COMMON,2009-01-23,outside_security_history,
seed,SLR,CIK835541-COMMON,2009-03-20,outside_security_history,
seed,SLR,CIK835541-COMMON,2009-06-08,outside_security_history,
seed,ASD,CIK836102-COMMON,2008-07-25,outside_security_history,
seed,ASD,CIK836102-COMMON,2008-11-18,outside_security_history,
seed,ASD,CIK836102-COMMON,2009-01-23,outside_security_history,
seed,ASD,CIK836102-COMMON,2009-03-20,outside_security_history,
seed,ASD,CIK836102-COMMON,2009-06-08,outside_security_history,
seed,AH,CIK845752-COMMON,2008-01-16,outside_security_history,
seed,AH,CIK845752-COMMON,2008-05-31,outside_security_history,
seed,AH,CIK845752-COMMON,2008-07-25,outside_security_history,
seed,AH,CIK845752-COMMON,2008-11-18,outside_security_history,
seed,AH,CIK845752-COMMON,2009-01-23,outside_security_history,
seed,AH,CIK845752-COMMON,2009-03-20,outside_security_history,
seed,AH,CIK845752-COMMON,2009-06-08,outside_security_history,
seed,CYTC,CIK849778-COMMON,2008-01-16,outside_security_history,
seed,CYTC,CIK849778-COMMON,2008-05-31,outside_security_history,
seed,CYTC,CIK849778-COMMON,2008-07-25,outside_security_history,
seed,CYTC,CIK849778-COMMON,2008-11-18,outside_security_history,
seed,CYTC,CIK849778-COMMON,2009-01-23,outside_security_history,
seed,CYTC,CIK849778-COMMON,2009-03-20,outside_security_history,
seed,CYTC,CIK849778-COMMON,2009-06-08,outside_security_history,
seed,STN,CIK898660-COMMON,2008-01-16,outside_security_history,
seed,STN,CIK898660-COMMON,2008-05-31,outside_security_history,
seed,STN,CIK898660-COMMON,2008-07-25,outside_security_history,
seed,STN,CIK898660-COMMON,2008-11-18,outside_security_history,
seed,STN,CIK898660-COMMON,2009-01-23,outside_security_history,
seed,STN,CIK898660-COMMON,2009-03-20,outside_security_history,
seed,STN,CIK898660-COMMON,2009-06-08,outside_security_history,
