old_sec_id,new_sec_id,changed_on,issuer_cik,share_class
CIK1018005-COMMON,BBG000BJ3CN0,2026-09-25,1018005,COMMON
CIK1037676-COMMON,BBG000B9WJ73,2026-09-25,1037676,COMMON
CIK1042893-COMMON,BBG000BVDBY2,2026-09-25,1042893,COMMON
CIK1046568-COMMON,BBG000BDCQ25,2026-09-25,1046568,COMMON
CIK1056087-COMMON,BBG000BP62Y3,2026-09-25,1056087,COMMON
CIK1075415-COMMON,BBG000BM2GS0,2026-09-25,1075415,COMMON
CIK1080014-COMMON,BBG000CG9XT7,2026-09-25,1080014,COMMON
CIK1095651-COMMON,BBG000H35J52,2026-09-25,1095651,COMMON
CIK1115836-COMMON,BBG000BKZ5F6,2026-09-25,1115836,COMMON
CIK1137789-COMMON,BBG000F0KF42,2026-09-25,1137789,COMMON
CIK1282266-COMMON,BBG000BFJ645,2026-09-25,1282266,COMMON
CIK1319947-CLASS-A,BBG000CF8227,2026-09-25,1319947,CLASS A
CIK1356090-COMMON,BBG000QL8VH9,2026-09-25,1356090,COMMON
CIK1471261-COMMON,BBG000BH8XX2,2026-09-25,1471261,COMMON
CIK1498301-COMMON,BBG000BGZ9V9,2026-09-25,1498301,COMMON
CIK1575828-COMMON,BBG004K27P01,2026-09-25,1575828,COMMON
CIK1606498-COMMON,BBG005L86G05,2026-09-25,1606498,COMMON
CIK1710366-COMMON,BBG00HC114X0,2026-09-25,1710366,COMMON
CIK1723089-COMMON,BBG00JH9TZ56,2026-09-25,1723089,COMMON
CIK1803737-COMMON,BBG014QJ5BV6,2026-09-25,1803737,COMMON
CIK1929561-COMMON,BBG0160DYCH4,2026-09-25,1929561,COMMON
CIK20520-COMMON,BBG000FH5YM1,2026-09-25,20520,COMMON
CIK23666-COMMON,BBG000BT4T69,2026-09-25,23666,COMMON
CIK314808-CLASS-A,BBG000BJ2VQ6,2026-09-25,314808,CLASS A
CIK316300-COMMON,BBG000MMR2C9,2026-09-25,316300,COMMON
CIK708819-COMMON,BBG000BNW1S8,2026-09-25,708819,COMMON
CIK733269-COMMON,BBG000BB4HM6,2026-09-25,733269,COMMON
CIK88205-COMMON,BBG000BTGCV5,2026-09-25,88205,COMMON
CIK910073-COMMON,BBG000BVXPZ8,2026-09-25,910073,COMMON
CIK931336-COMMON,BBG000BBMT95,2026-09-25,931336,COMMON
