sec_id,leg,ratio,share_class,price_sec_id,price_ticker,price_date
BBG000BTFDR9,1,0.885000,A,BBG000BN5HF7,LEN,2018-02-13
BBG000BTFDR9,2,0.017700,B,BBG000KKVD81,LEN-B,2018-02-13
BBG000D3MB18,1,0.258200,A,BBG01K9HZH92,LBTYA,2013-06-10
BBG000D3MB18,2,0.192800,C,,LBTYK,2013-06-10
BBG000K1T0M8,1,1.120000,,,STRZ,2025-05-07
BBG000K1T0M8,2,1.120000,,,LION,2025-05-07
BBG003444577,1,0.990000,,BBG0076WG2V1,QSR,2014-12-15
BBG003444577,2,0.010000,exchangeable unit,,,2014-12-15
BBG00FFJY867,1,1.000000,,,LION,2025-05-07
BBG00FFJY867,2,1.000000,,,STRZ,2025-05-07
BBG00LT2PDY4,1,0.091300,A,,BAM,2021-07-27
BBG00LT2PDY4,2,0.065700,preferred unit,,,2021-07-27
