sec_id,last_trade_date,kind,lookup_sec_id,lookup_ticker,date
BBG000B9WJ73,2016-01-08,last_close,BBG000B9WJ73,ACI,2016-01-08
BBG000B9WJ73,2016-01-08,otc_print,BBG000B9WJ73,ACI,2016-01-11
BBG000B9X5K7,2010-04-01,last_close,BBG000B9X5K7,ALD,2010-04-01
BBG000B9X5K7,2010-04-01,received_close,BBG000PD6X77,ARCC,2010-04-05
BBG000B9YSK6,2020-11-02,last_close,BBG000B9YSK6,CBL,2020-11-02
BBG000B9ZGM9,2018-06-05,last_close,BBG000B9ZGM9,BGC,2018-06-05
BBG000B9ZV28,2025-08-14,last_close,BBG000B9ZV28,AMED,2025-08-14
BBG000BB03M1,2018-05-10,last_close,BBG000BB03M1,CBI,2018-05-10
BBG000BB03M1,2018-05-10,received_close,,MDR,2018-05-11
BBG000BB1BW1,2008-09-18,last_close,BBG000BB1BW1,CPS,2008-09-18
BBG000BB27M0,2009-03-26,last_close,BBG000BB27M0,DNA,2009-03-26
BBG000BB2KW0,2017-02-01,last_close,BBG000BB2KW0,APOL,2017-02-01
BBG000BB2N27,2014-12-12,last_close,BBG000BB2N27,THI,2014-12-12
BBG000BB2N27,2014-12-12,received_close,,QSR,2014-12-15
BBG000BB2PH6,2016-09-16,last_close,BBG000BB2PH6,FCS,2016-09-16
BBG000BB2PW9,2019-02-07,last_close,BBG000BB2PW9,DNB,2019-02-07
BBG000BB38Q3,2015-02-18,last_close,BBG000BB38Q3,CVD,2015-02-18
BBG000BB38Q3,2015-02-18,received_close,BBG000D9DMK0,LH,2015-02-19
BBG000BB4WY0,2018-10-04,last_close,BBG000BB4WY0,CVG,2018-10-04
BBG000BB4WY0,2018-10-04,received_close,BBG000CL9JV4,SNX,2018-10-05
BBG000BB6F57,2020-03-27,last_close,BBG000BB6F57,AVX,2020-03-27
BBG000BB6MM3,2020-05-28,last_close,BBG000BB6MM3,WBC,2020-05-28
BBG000BB8PG1,2021-09-21,last_close,BBG000BB8PG1,GRA,2021-09-21
BBG000BB8ZF0,2017-06-01,last_close,BBG000BB8ZF0,WNR,2017-06-01
BBG000BB8ZF0,2017-06-01,received_close,,TSO,2017-06-02
BBG000BB9RZ5,2013-02-12,last_close,BBG000BB9RZ5,SHAW,2013-02-12
BBG000BB9RZ5,2013-02-12,received_close,BBG000BB03M1,CBI,2013-02-13
BBG000BBB3K1,2017-07-24,last_close,BBG000BBB3K1,RAI,2017-07-24
BBG000BBB3K1,2017-07-24,received_close,,BTI,2017-07-25
BBG000BBBP59,2016-03-17,last_close,BBG000BBBP59,PRE,2016-03-17
BBG000BBBQ84,2015-08-25,last_close,BBG000BBBQ84,PPO,2015-08-25
BBG000BBD070,2025-07-17,last_close,BBG000BBD070,HES,2025-07-17
BBG000BBD070,2025-07-17,received_close,BBG000K4ND22,CVX,2025-07-18
BBG000BBDPQ4,2013-12-19,last_close,BBG000BBDPQ4,NVE,2013-12-19
BBG000BBG2C7,2013-09-27,last_close,BBG000BBG2C7,CNH,2013-09-27
BBG000BBG3P1,2008-12-01,last_close,BBG000BBG3P1,TMA,2008-12-01
BBG000BBG3P1,2008-12-01,otc_print,BBG000BBG3P1,TMA,2008-12-02
BBG000BBJB07,2020-05-29,last_close,BBG000BBJB07,AKRX,2020-05-29
BBG000BBJB07,2020-05-29,otc_print,BBG000BBJB07,AKRX,2020-06-01
BBG000BBLK04,2016-01-04,last_close,BBG000BBLK04,TW,2016-01-04
BBG000BBLK04,2016-01-04,received_close,,WLTW,2016-01-05
BBG000BBMSJ6,2015-12-24,last_close,BBG000BBMSJ6,ALTR,2015-12-24
BBG000BBMT95,2019-11-11,last_close,BBG000BBMT95,DF,2019-11-11
BBG000BBMT95,2019-11-11,otc_print,BBG000BBMT95,DF,2019-11-12
BBG000BBMVS9,2013-01-29,last_close,BBG000BBMVS9,RAH,2013-01-29
BBG000BBSX81,2016-01-14,last_close,BBG000BBSX81,PMCS,2016-01-14
BBG000BBSX81,2016-01-14,received_close,BBG000BPG977,MSCC,2016-01-15
BBG000BBVCN6,2016-09-02,last_close,BBG000BBVCN6,ESI,2016-09-02
BBG000BBVCN6,2016-09-02,otc_print,BBG000BBVCN6,ESI,2016-09-06
BBG000BBVK30,2012-01-04,last_close,BBG000BBVK30,AMR,2012-01-04
BBG000BBVK30,2012-01-04,otc_print,BBG000BBVK30,AMR,2012-01-05
BBG000BBXQ71,2011-03-08,last_close,BBG000BBXQ71,DLM,2011-03-08
BBG000BC16H7,2018-11-15,last_close,BBG000BC16H7,LPNT,2018-11-15
BBG000BC26P7,2026-01-22,last_close,BBG000BC26P7,GES,2026-01-22
BBG000BC40Y8,2019-08-08,last_close,BBG000BC40Y8,APC,2019-08-08
BBG000BC40Y8,2019-08-08,received_close,BBG000BQQ2S6,OXY,2019-08-09
BBG000BC8G88,2016-05-20,last_close,BBG000BC8G88,ARG,2016-05-20
BBG000BC9938,2023-11-21,last_close,BBG000BC9938,VMW,2023-11-21
BBG000BC9938,2023-11-21,received_close,,AVGO,2023-11-22
BBG000BC9WH2,2015-10-07,last_close,BBG000BC9WH2,HME,2015-10-07
BBG000BCBCM7,2017-09-12,last_close,BBG000BCBCM7,SPLS,2017-09-12
BBG000BCGY17,2015-06-11,last_close,BBG000BCGY17,LO,2015-06-11
BBG000BCGY17,2015-06-11,received_close,BBG000BBB3K1,RAI,2015-06-12
BBG000BCHG15,2016-09-19,last_close,BBG000BCHG15,ASH,2016-09-19
BBG000BCHG15,2016-09-19,received_close,BBG00D0Y81M1,ASH,2016-09-20
BBG000BCKC47,2016-06-30,last_close,BBG000BCKC47,GAS,2016-06-30
BBG000BCM087,2017-10-05,last_close,BBG000BCM087,ATW,2017-10-05
BBG000BCM087,2017-10-05,received_close,,ESV,2017-10-06
BBG000BCNYT9,2020-01-03,last_close,BBG000BCNYT9,AVP,2020-01-03
BBG000BCNYT9,2020-01-03,received_close,,NTCO,2020-01-06
BBG000BCSPR5,2021-12-27,last_close,BBG000BCSPR5,COR,2021-12-27
BBG000BCTL84,2011-11-23,last_close,BBG000BCTL84,PMI,2011-11-23
BBG000BCTL84,2011-11-23,otc_print,BBG000BCTL84,PMI,2011-11-25
BBG000BCX7G1,2013-11-05,last_close,BBG000BCX7G1,OMX,2013-11-05
BBG000BCX7G1,2013-11-05,received_close,BBG000CNZC55,ODP,2013-11-06
BBG000BCYP43,2017-12-28,last_close,BBG000BCYP43,BCR,2017-12-28
BBG000BCYP43,2017-12-28,received_close,BBG000BCZYD3,BDX,2017-12-29
BBG000BCZH22,2010-03-12,last_close,BBG000BCZH22,BDK,2010-03-12
BBG000BCZH22,2010-03-12,received_close,,SWK,2010-03-15
BBG000BD0DV5,2011-06-29,last_close,BBG000BD0DV5,BEC,2011-06-29
BBG000BD0Q91,2019-08-06,last_close,BBG000BD0Q91,BKS,2019-08-06
BBG000BD3LM4,2022-03-03,last_close,BBG000BD3LM4,NUAN,2022-03-03
BBG000BD4VG8,2017-07-03,last_close,BBG000BD4VG8,BHI,2017-07-03
BBG000BD6SQ2,2021-04-30,last_close,BBG000BD6SQ2,WDR,2021-04-30
BBG000BD7W19,2013-01-07,last_close,BBG000BD7W19,TIE,2013-01-07
BBG000BDG1Y1,2013-09-10,last_close,BBG000BDG1Y1,BMC,2013-09-10
BBG000BDHD29,2023-07-31,last_close,BBG000BDHD29,UNVR,2023-07-31
BBG000BDHNB7,2019-06-10,last_close,BBG000BDHNB7,BMS,2019-06-10
BBG000BDHNB7,2019-06-10,received_close,,AMCR,2019-06-11
BBG000BDKN87,2010-02-12,last_close,BBG000BDKN87,BNI,2010-02-12
BBG000BDLLR9,2007-10-26,last_close,BBG000BDLLR9,BOL,2007-10-26
BBG000BDN878,2019-02-21,last_close,BBG000BDN878,TAHO,2019-02-21
BBG000BDP616,2014-04-01,last_close,BBG000BDP616,BRE,2014-04-01
BBG000BDP616,2014-04-01,received_close,BBG000CGJMB9,ESS,2014-04-02
BBG000BDQGN9,2008-12-22,last_close,BBG000BDQGN9,BRL,2008-12-22
BBG000BDQGN9,2008-12-22,received_close,BBG000C0CD58,TEVA,2008-12-23
BBG000BDRMN5,2009-06-04,last_close,BBG000BDRMN5,HTV,2009-06-04
BBG000BDRQ10,2008-05-30,last_close,BBG000BDRQ10,BSC,2008-05-30
BBG000BDRQ10,2008-05-30,received_close,BBG000DMBXR2,JPM,2008-06-02
BBG000BDTNN1,2008-11-17,last_close,BBG000BDTNN1,BUD,2008-11-17
BBG000BDWKC5,2018-11-02,last_close,BBG000BDWKC5,CA,2018-11-02
BBG000BDXVW8,2010-09-30,last_close,BBG000BDXVW8,CAL,2010-09-30
BBG000BDXVW8,2010-09-30,received_close,,UAUA,2010-10-01
BBG000BF1PD2,2020-02-03,last_close,BBG000BF1PD2,LPT,2020-02-03
BBG000BF1PD2,2020-02-03,received_close,BBG000B9Z0J8,PLD,2020-02-04
BBG000BF1R66,2016-01-15,last_close,BBG000BF1R66,CB,2016-01-15
BBG000BF1R66,2016-01-15,received_close,,CB,2016-01-19
BBG000BF2JS9,2009-08-17,last_close,BBG000BF2JS9,CNB,2009-08-17
BBG000BF2JS9,2009-08-17,otc_print,BBG000BF2JS9,CNB,2009-08-18
BBG000BF2KK4,2012-11-30,last_close,BBG000BF2KK4,CBE,2012-11-30
BBG000BF2KK4,2012-11-30,received_close,,ETN,2012-12-03
BBG000BF4VY3,2008-11-10,last_close,BBG000BF4VY3,CC,2008-11-10
BBG000BF4VY3,2008-11-10,otc_print,BBG000BF4VY3,CC,2008-11-11
BBG000BF5RY1,2016-05-31,last_close,BBG000BF5RY1,CCE,2016-05-31
BBG000BF6F94,2008-08-21,last_close,BBG000BF6F94,NMX,2008-08-21
BBG000BF6F94,2008-08-21,received_close,,CME,2008-08-22
BBG000BF6RQ9,2024-11-15,last_close,BBG000BF6RQ9,SAVE,2024-11-15
BBG000BF6RQ9,2024-11-15,otc_print,BBG000BF6RQ9,SAVE,2024-11-18
BBG000BF7T75,2017-09-29,last_close,BBG000BF7T75,AF,2017-09-29
BBG000BF7T75,2017-09-29,received_close,BBG000CLNSF6,STL,2017-10-02
BBG000BF7XZ5,2008-06-30,last_close,BBG000BF7XZ5,CFC,2008-06-30
BBG000BF7XZ5,2008-06-30,received_close,BBG000BCTLF6,BAC,2008-07-01
BBG000BF8BH2,2008-07-30,last_close,BBG000BF8BH2,CCU,2008-07-30
BBG000BFC8J2,2019-11-20,last_close,BBG000BFC8J2,CELG,2019-11-20
BBG000BFC8J2,2019-11-20,received_close,BBG000DQLV23,BMY,2019-11-21
BBG000BFDLV8,2022-06-07,last_close,BBG000BFDLV8,CERN,2022-06-07
BBG000BFDXW1,2016-01-29,last_close,BBG000BFDXW1,BRCM,2016-01-29
BBG000BFDXW1,2016-01-29,received_close,,AVGO,2016-02-01
BBG000BFFW15,2013-10-01,last_close,BBG000BFFW15,CLP,2013-10-01
BBG000BFFW15,2013-10-01,received_close,BBG000BLMY92,MAA,2013-10-02
BBG000BFJ645,2019-03-05,last_close,BBG000BFJ645,WIN,2019-03-05
BBG000BFJ645,2019-03-05,otc_print,BBG000BFJ645,WIN,2019-03-06
BBG000BFJSG4,2019-01-31,last_close,BBG000BFJSG4,VVC,2019-01-31
BBG000BFK8Y6,2021-06-08,last_close,BBG000BFK8Y6,TCF,2021-06-08
BBG000BFK8Y6,2021-06-08,received_close,BBG000BKWSR6,HBAN,2021-06-09
BBG000BFTJ91,2015-12-11,last_close,BBG000BFTJ91,CMCSK,2015-12-11
BBG000BFVKZ6,2019-02-14,last_close,BBG000BFVKZ6,AHL,2019-02-14
BBG000BFWKC0,2018-06-06,last_close,BBG000BFWKC0,MON,2018-06-06
BBG000BFZ1K0,2015-10-29,last_close,BBG000BFZ1K0,CNW,2015-10-29
BBG000BG09F5,2020-11-25,last_close,BBG000BG09F5,GPOR,2020-11-25
BBG000BG09F5,2020-11-25,otc_print,BBG000BG09F5,GPOR,2020-11-27
BBG000BG14P4,2025-09-26,last_close,BBG000BG14P4,WOLF,2025-09-26
BBG000BG14P4,2025-09-26,otc_print,BBG000BG14P4,WOLF,2025-09-29
BBG000BG1DH3,2022-06-30,last_close,BBG000BG1DH3,COHR,2022-06-30
BBG000BG1DH3,2022-06-30,received_close,BBG000BLW102,IIVI,2022-07-01
BBG000BG4JL2,2012-09-28,last_close,BBG000BG4JL2,ARBA,2012-09-28
BBG000BG8814,2018-02-28,last_close,BBG000BG8814,RGC,2018-02-28
BBG000BGCGB0,2011-01-13,last_close,BBG000BGCGB0,CTV,2011-01-13
BBG000BGFLL5,2013-11-12,last_close,BBG000BGFLL5,NYX,2013-11-12
BBG000BGFLL5,2013-11-12,received_close,,ICE,2013-11-13
BBG000BGFZR8,2017-03-31,last_close,BBG000BGFZR8,CSC,2017-03-31
BBG000BGFZR8,2017-03-31,received_close,BBG00FN64XT9,DXC,2017-04-03
BBG000BGMX22,2010-10-01,last_close,BBG000BGMX22,HEW,2010-10-01
BBG000BGMX22,2010-10-01,received_close,,AON,2010-10-04
BBG000BGNM16,2009-08-18,last_close,BBG000BGNM16,CTX,2009-08-18
BBG000BGNM16,2009-08-18,received_close,BBG000BR54L0,PHM,2009-08-19
BBG000BGPG26,2014-12-15,last_close,BBG000BGPG26,CPWR,2014-12-15
BBG000BGPVW0,2020-12-28,last_close,BBG000BGPVW0,TCO,2020-12-28
BBG000BGR5J0,2016-06-20,last_close,BBG000BGR5J0,CVC,2016-06-20
BBG000BGVML5,2010-12-31,last_close,BBG000BGVML5,STU,2010-12-31
BBG000BGYDX9,2023-05-26,last_close,BBG000BGYDX9,DBD,2023-05-26
BBG000BGYDX9,2023-05-26,otc_print,BBG000BGYDX9,DBD,2023-05-30
BBG000BGZ9V9,2020-08-03,last_close,BBG000BGZ9V9,ASNA,2020-08-03
BBG000BGZ9V9,2020-08-03,otc_print,BBG000BGZ9V9,ASNA,2020-08-04
BBG000BGZT72,2024-03-18,last_close,BBG000BGZT72,AYX,2024-03-18
BBG000BH0FR6,2023-12-13,last_close,BBG000BH0FR6,SGEN,2023-12-13
BBG000BH23R1,2013-10-29,last_close,BBG000BH23R1,DELL,2013-10-29
BBG000BH2VM4,2010-06-25,last_close,BBG000BH2VM4,XTO,2010-06-25
BBG000BH2VM4,2010-06-25,received_close,BBG000GZQ728,XOM,2010-06-28
BBG000BH5K72,2007-12-13,last_close,BBG000BH5K72,DJ,2007-12-13
BBG000BH82F0,2016-08-15,last_close,BBG000BH82F0,QLGC,2016-08-15
BBG000BH82F0,2016-08-15,received_close,BBG000JDN9K3,CAVM,2016-08-16
BBG000BH8XX2,2017-12-13,last_close,BBG000BH8XX2,CIE,2017-12-13
BBG000BH8XX2,2017-12-13,otc_print,BBG000BH8XX2,CIE,2017-12-14
BBG000BH93Y6,2022-02-25,last_close,BBG000BH93Y6,RRD,2022-02-25
BBG000BHBGN6,2022-11-22,last_close,BBG000BHBGN6,CLR,2022-11-22
BBG000BHBK84,2017-08-31,last_close,BBG000BHBK84,DOW,2017-08-31
BBG000BHBK84,2017-08-31,received_close,,DWDP,2017-09-01
BBG000BHC2S1,2015-03-11,last_close,BBG000BHC2S1,PETM,2015-03-11
BBG000BHCDF1,2011-11-25,last_close,BBG000BHCDF1,DPL,2011-11-25
BBG000BHD8S7,2022-09-30,last_close,BBG000BHD8S7,DRE,2022-09-30
BBG000BHD8S7,2022-09-30,received_close,BBG000B9Z0J8,PLD,2022-10-03
BBG000BHFHP8,2021-11-29,last_close,BBG000BHFHP8,UFS,2021-11-29
BBG000BHGCD1,2019-02-11,last_close,BBG000BHGCD1,ATHN,2019-02-11
BBG000BHK836,2021-05-13,last_close,BBG000BHK836,FLIR,2021-05-13
BBG000BHK836,2021-05-13,received_close,BBG000BMT9T6,TDY,2021-05-14
BBG000BHNPN3,2012-07-02,last_close,BBG000BHNPN3,CHSI,2012-07-02
BBG000BHNPN3,2012-07-02,received_close,,SXCI,2012-07-03
BBG000BHQ1H0,2015-03-16,last_close,BBG000BHQ1H0,AGN,2015-03-16
BBG000BHQ1H0,2015-03-16,received_close,,ACT,2015-03-17
BBG000BHQYG9,2018-11-29,last_close,BBG000BHQYG9,EGN,2018-11-29
BBG000BHQYG9,2018-11-29,received_close,BBG002PHSYX9,FANG,2018-11-30
BBG000BHRRV6,2012-01-18,last_close,BBG000BHRRV6,EK,2012-01-18
BBG000BHRRV6,2012-01-18,otc_print,BBG000BHRRV6,EK,2012-01-19
BBG000BHVJJ3,2016-09-06,last_close,BBG000BHVJJ3,EMC,2016-09-06
BBG000BHVJJ3,2016-09-06,received_close,BBG00DJ2LJF5,DVMT,2016-09-07
BBG000BHW628,2016-06-01,last_close,BBG000BHW628,WCN,2016-06-01
BBG000BHW628,2016-06-01,received_close,BBG000FLHZZ2,WCN,2016-06-02
BBG000BHWTB8,2016-11-30,last_close,BBG000BHWTB8,PPS,2016-11-30
BBG000BHWTB8,2016-11-30,received_close,BBG000BLMY92,MAA,2016-12-01
BBG000BJ27C4,2012-07-02,last_close,BBG000BJ27C4,PGN,2012-07-02
BBG000BJ27C4,2012-07-02,received_close,BBG000BHGDH5,DUK,2012-07-03
BBG000BJ2VQ6,2020-08-14,last_close,BBG000BJ2VQ6,VAL,2020-08-14
BBG000BJ2VQ6,2020-08-14,otc_print,BBG000BJ2VQ6,VAL,2020-08-17
BBG000BJ3CN0,2014-04-22,last_close,BBG000BJ3CN0,CWTR,2014-04-22
BBG000BJ3CN0,2014-04-22,otc_print,BBG000BJ3CN0,CWTR,2014-04-23
BBG000BJ98Z0,2016-03-02,last_close,BBG000BJ98Z0,GMCR,2016-03-02
BBG000BJ9D07,2016-09-07,last_close,BBG000BJ9D07,ROVI,2016-09-07
BBG000BJ9D07,2016-09-07,received_close,,TIVO,2016-09-08
BBG000BJCFP1,2013-02-28,last_close,BBG000BJCFP1,JEF,2013-02-28
BBG000BJCFP1,2013-02-28,received_close,,LUK,2013-03-01
BBG000BJDPC2,2015-07-06,last_close,BBG000BJDPC2,FDO,2015-07-06
BBG000BJDPC2,2015-07-06,received_close,BBG000BSC0K9,DLTR,2015-07-07
BBG000BJDX44,2010-02-26,last_close,BBG000BJDX44,PBG,2010-02-26
BBG000BJDX44,2010-02-26,received_close,,PEP,2010-03-01
BBG000BJV732,2007-11-14,last_close,BBG000BJV732,FRK,2007-11-14
BBG000BJV732,2007-11-14,received_close,,VMC,2007-11-15
BBG000BJVZF7,2014-06-30,last_close,BBG000BJVZF7,FRX,2014-06-30
BBG000BJVZF7,2014-06-30,received_close,,ACT,2014-07-01
BBG000BJXKD0,2018-06-04,last_close,BBG000BJXKD0,WR,2018-06-04
BBG000BK5DP1,2026-03-19,last_close,BBG000BK5DP1,TGNA,2026-03-19
BBG000BK6G19,2019-02-13,last_close,BBG000BK6G19,NFX,2019-02-13
BBG000BK6G19,2019-02-13,received_close,BBG000CHPY97,ECA,2019-02-14
BBG000BKLTM1,2025-11-05,last_close,BBG000BKLTM1,MRC,2025-11-05
BBG000BKLTM1,2025-11-05,received_close,BBG005BLN209,DNOW,2025-11-06
BBG000BKLVK8,2012-07-26,last_close,BBG000BKLVK8,GR,2012-07-26
BBG000BKQ3V3,2018-07-02,last_close,BBG000BKQ3V3,SDRL,2018-07-02
BBG000BKRK35,2008-09-17,last_close,BBG000BKRK35,LEH,2008-09-17
BBG000BKRK35,2008-09-17,otc_print,BBG000BKRK35,LEH,2008-09-18
BBG000BKSL41,2015-10-30,last_close,BBG000BKSL41,HCBK,2015-10-30
BBG000BKSL41,2015-10-30,received_close,BBG000D9KWL9,MTB,2015-11-02
BBG000BKTT89,2017-03-10,last_close,BBG000BKTT89,HAR,2017-03-10
BBG000BKWCS0,2021-12-10,last_close,BBG000BKWCS0,HRC,2021-12-10
BBG000BKXPK8,2015-10-27,last_close,BBG000BKXPK8,HCC,2015-10-27
BBG000BKZ5F6,2019-04-16,last_close,BBG000BKZ5F6,BEL,2019-04-16
BBG000BL6NZ5,2016-03-07,last_close,BBG000BL6NZ5,SFG,2016-03-07
BBG000BL8GJ6,2020-03-12,last_close,BBG000BL8GJ6,AKS,2020-03-12
BBG000BL8GJ6,2020-03-12,received_close,BBG000BFRF55,CLF,2020-03-13
BBG000BL9439,2013-06-07,last_close,BBG000BL9439,HNZ,2013-06-07
BBG000BL9JQ1,2022-03-14,last_close,BBG000BL9JQ1,HFC,2022-03-14
BBG000BL9JQ1,2022-03-14,received_close,BBG0135B2214,DINO,2022-03-15
BBG000BLBGS2,2025-12-09,last_close,BBG000BLBGS2,SCS,2025-12-09
BBG000BLBGS2,2025-12-09,received_close,,HNI,2025-12-10
BBG000BLBXT4,2016-09-22,last_close,BBG000BLBXT4,HOT,2016-09-22
BBG000BLBXT4,2016-09-22,received_close,BBG000BGD7W6,MAR,2016-09-23
BBG000BLCL55,2021-03-16,last_close,BBG000BLCL55,QEP,2021-03-16
BBG000BLCL55,2021-03-16,received_close,BBG002PHSYX9,FANG,2021-03-17
BBG000BLDXH5,2024-02-28,last_close,BBG000BLDXH5,MDRX,2024-02-28
BBG000BLDXH5,2024-02-28,otc_print,BBG000BLDXH5,MDRX,2024-02-29
BBG000BLFC07,2021-04-15,last_close,BBG000BLFC07,CKH,2021-04-15
BBG000BLG1L7,2025-04-21,last_close,BBG000BLG1L7,EQC,2025-04-21
BBG000BLH3P8,2026-05-29,last_close,BBG000BLH3P8,NVRI,2026-05-29
BBG000BLNZL4,2025-12-31,last_close,BBG000BLNZL4,SNV,2025-12-31
BBG000BLNZL4,2025-12-31,received_close,BBG01Z7V4LL1,PNFP,2026-01-02
BBG000BLPBL5,2026-08-14,last_close,BBG000BLPBL5,AVB,2026-08-14
BBG000BLPBL5,2026-08-14,received_close,BBG000BG8M31,VMRK,2026-08-17
BBG000BLQ5V6,2012-08-02,last_close,BBG000BLQ5V6,HGSI,2012-08-02
BBG000BLRGM1,2019-03-29,last_close,BBG000BLRGM1,IDTI,2019-03-29
BBG000BLRYM2,2016-09-19,last_close,BBG000BLRYM2,FEIC,2016-09-19
BBG000BLVBC8,2024-01-04,last_close,BBG000BLVBC8,CHS,2024-01-04
BBG000BLXT19,2020-10-22,last_close,BBG000BLXT19,IMMU,2020-10-22
BBG000BLY636,2008-07-14,last_close,BBG000BLY636,IMB,2008-07-14
BBG000BLY636,2008-07-14,otc_print,BBG000BLY636,IMB,2008-07-15
BBG000BM6KM3,2015-01-13,last_close,BBG000BM6KM3,IRF,2015-01-13
BBG000BM7L13,2025-07-24,last_close,BBG000BM7L13,TGI,2025-07-24
BBG000BM8M92,2015-12-08,last_close,BBG000BM8M92,CYT,2015-12-08
BBG000BM9035,2019-02-28,last_close,BBG000BM9035,ITG,2019-02-28
BBG000BMDV41,2016-09-06,last_close,BBG000BMDV41,JCI,2016-09-06
BBG000BMDV41,2016-09-06,received_close,,JCI,2016-09-07
BBG000BMDZF0,2019-06-28,last_close,BBG000BMDZF0,LLL,2019-06-28
BBG000BMDZF0,2019-06-28,received_close,BBG000BLGFJ9,LHX,2019-07-01
BBG000BMFD58,2020-10-05,last_close,BBG000BMFD58,AMTD,2020-10-05
BBG000BMFD58,2020-10-05,received_close,BBG000BSLZY7,SCHW,2020-10-06
BBG000BMGL77,2008-07-02,last_close,BBG000BMGL77,GYI,2008-07-02
BBG000BMJYW8,2011-06-02,last_close,BBG000BMJYW8,PLD,2011-06-02
BBG000BMJYW8,2011-06-02,received_close,,AMB,2011-06-03
BBG000BMKDM3,2025-12-10,last_close,BBG000BMKDM3,K,2025-12-10
BBG000BMLYZ2,2015-01-07,last_close,BBG000BMLYZ2,KWK,2015-01-07
BBG000BMLYZ2,2015-01-07,otc_print,BBG000BMLYZ2,KWK,2015-01-08
BBG000BMP3J4,2016-09-26,last_close,BBG000BMP3J4,PLCM,2016-09-26
BBG000BMZ7P7,2021-12-13,last_close,BBG000BMZ7P7,KSU,2021-12-13
BBG000BMZ7P7,2021-12-13,received_close,,CP,2021-12-14
BBG000BN1XR3,2018-11-26,last_close,BBG000BN1XR3,COL,2018-11-26
BBG000BN1XR3,2018-11-26,received_close,,UTX,2018-11-27
BBG000BN53G7,2026-08-26,last_close,BBG000BN53G7,LEG,2026-08-26
BBG000BN6349,2016-08-22,last_close,BBG000BN6349,FMD,2016-08-22
BBG000BN9WT5,2017-03-10,last_close,BBG000BN9WT5,LLTC,2017-03-10
BBG000BN9WT5,2017-03-10,received_close,BBG000BB6G37,ADI,2017-03-13
BBG000BNBPQ0,2020-07-31,last_close,BBG000BNBPQ0,LM,2020-07-31
BBG000BNL271,2011-09-16,last_close,BBG000BNL271,LZ,2011-09-16
BBG000BNTFJ1,2014-09-08,last_close,BBG000BNTFJ1,MCRS,2014-09-08
BBG000BNTTY4,2024-04-18,last_close,BBG000BNTTY4,MDC,2024-04-18
BBG000BNVNY4,2021-12-01,last_close,BBG000BNVNY4,MDP,2021-12-01
BBG000BNW1S8,2020-01-17,last_close,BBG000BNW1S8,MDR,2020-01-17
BBG000BNW1S8,2020-01-17,otc_print,BBG000BNW1S8,MDR,2020-01-21
BBG000BNXLK1,2007-06-29,last_close,BBG000BNXLK1,MEL,2007-06-29
BBG000BNXLK1,2007-06-29,received_close,,BK,2007-07-02
BBG000BNY0W3,2008-12-31,last_close,BBG000BNY0W3,MER,2008-12-31
BBG000BNY0W3,2008-12-31,received_close,BBG000BCTLF6,BAC,2009-01-02
BBG000BP0KQ8,2026-08-04,last_close,BBG000BP0KQ8,EA,2026-08-04
BBG000BP22B2,2011-07-05,last_close,BBG000BP22B2,MI,2011-07-05
BBG000BP22B2,2011-07-05,received_close,BBG000DLY9B9,BMO,2011-07-06
BBG000BP2H92,2010-07-14,last_close,BBG000BP2H92,MIL,2010-07-14
BBG000BP2HH3,2008-04-28,last_close,BBG000BP2HH3,BEAS,2008-04-28
BBG000BP2X06,2015-10-08,last_close,BBG000BP2X06,THOR,2015-10-08
BBG000BP62Y3,2020-02-12,last_close,BBG000BP62Y3,MNI,2020-02-12
BBG000BP62Y3,2020-02-12,otc_print,BBG000BP62Y3,MNI,2020-02-13
BBG000BP6L99,2017-11-16,last_close,BBG000BP6L99,BRCD,2017-11-16
BBG000BP8KR9,2013-12-06,last_close,BBG000BP8KR9,MOLX,2013-12-06
BBG000BPG977,2018-05-25,last_close,BBG000BPG977,MSCC,2018-05-25
BBG000BPNP00,2021-08-25,last_close,BBG000BPNP00,MXIM,2021-08-25
BBG000BPNP00,2021-08-25,received_close,BBG000BB6G37,ADI,2021-08-26
BBG000BPQVR5,2015-07-01,last_close,BBG000BPQVR5,RKT,2015-07-01
BBG000BPQVR5,2015-07-01,received_close,,WRK,2015-07-02
BBG000BPS2V2,2021-06-30,last_close,BBG000BPS2V2,NAV,2021-06-30
BBG000BPT0C6,2020-10-02,last_close,BBG000BPT0C6,NBL,2020-10-02
BBG000BPT0C6,2020-10-02,received_close,BBG000K4ND22,CVX,2020-10-05
BBG000BPTDN6,2010-09-30,last_close,BBG000BPTDN6,NTY,2010-09-30
BBG000BPVCR1,2014-08-14,last_close,BBG000BPVCR1,QCOR,2014-08-14
BBG000BPVCR1,2014-08-14,received_close,,MNK,2014-08-15
BBG000BPX9M1,2010-02-25,last_close,BBG000BPX9M1,RX,2010-02-25
BBG000BQ5TK8,2011-09-23,last_close,BBG000BQ5TK8,NSM,2011-09-23
BBG000BQB7P4,2012-06-04,last_close,BBG000BQB7P4,NVLS,2012-06-04
BBG000BQB7P4,2012-06-04,received_close,BBG000BNFLM9,LRCX,2012-06-05
BBG000BQG2C4,2015-08-17,last_close,BBG000BQG2C4,OCR,2015-08-17
BBG000BQHGR6,2026-09-09,last_close,BBG000BQHGR6,OKE,2026-09-09
BBG000BQLXQ5,2017-02-23,last_close,BBG000BQLXQ5,ISIL,2017-02-23
BBG000BQT4L6,2022-04-01,last_close,BBG000BQT4L6,PBCT,2022-04-01
BBG000BQT4L6,2022-04-01,received_close,BBG000D9KWL9,MTB,2022-04-04
BBG000BQY289,2025-04-16,last_close,BBG000BQY289,PDCO,2025-04-16
BBG000BR1KR2,2023-08-04,last_close,BBG000BR1KR2,PDCE,2023-08-04
BBG000BR1KR2,2023-08-04,received_close,BBG000K4ND22,CVX,2023-08-07
BBG000BRB2F4,2015-08-28,last_close,BBG000BRB2F4,PLL,2015-08-28
BBG000BRF689,2016-10-03,last_close,BBG000BRF689,PNY,2016-10-03
BBG000BRF6B5,2008-12-31,last_close,BBG000BRF6B5,RHD,2008-12-31
BBG000BRF6B5,2008-12-31,otc_print,BBG000BRF6B5,RHD,2009-01-02
BBG000BRMVZ6,2009-02-06,last_close,BBG000BRMVZ6,PSD,2009-02-06
BBG000BRWGG9,2023-10-13,last_close,BBG000BRWGG9,RAD,2023-10-13
BBG000BRWGG9,2023-10-13,otc_print,BBG000BRWGG9,RAD,2023-10-16
BBG000BRYN54,2011-02-28,last_close,BBG000BRYN54,MFE,2011-02-28
BBG000BRZBT3,2019-04-10,last_close,BBG000BRZBT3,RDC,2019-04-10
BBG000BRZBT3,2019-04-10,received_close,,ESV,2019-04-11
BBG000BSBB99,2009-04-01,last_close,BBG000BSBB99,ROH,2009-04-01
BBG000BSD7C2,2020-04-02,last_close,BBG000BSD7C2,RTN,2020-04-02
BBG000BSD7C2,2020-04-02,received_close,,UTX,2020-04-03
BBG000BSGQN5,2015-09-30,last_close,BBG000BSGQN5,RYL,2015-09-30
BBG000BSGQN5,2015-09-30,received_close,,SPF,2015-10-01
BBG000BSHHP2,2008-09-22,last_close,BBG000BSHHP2,SAF,2008-09-22
BBG000BSLLB3,2018-12-31,last_close,BBG000BSLLB3,SCG,2018-12-31
BBG000BSLLB3,2018-12-31,received_close,BBG000BGVW60,D,2019-01-02
BBG000BSY3K9,2015-11-17,last_close,BBG000BSY3K9,SIAL,2015-11-17
BBG000BSYVD5,2008-02-25,last_close,BBG000BSYVD5,SIE,2008-02-25
BBG000BSZXM0,2010-08-27,last_close,BBG000BSZXM0,SII,2010-08-27
BBG000BSZXM0,2010-08-27,received_close,BBG000BT41Q8,SLB,2010-08-30
BBG000BT0CM2,2023-03-09,last_close,BBG000BT0CM2,SIVB,2023-03-09
BBG000BT0CM2,2023-03-09,otc_print,BBG000BT0CM2,SIVB,2023-03-10
BBG000BT4T69,2014-08-28,last_close,BBG000BT4T69,HSH,2014-08-28
BBG000BT9T73,2014-05-02,last_close,BBG000BT9T73,LSI,2014-05-02
BBG000BTCXB5,2017-03-01,last_close,BBG000BTCXB5,EQY,2017-03-01
BBG000BTCXB5,2017-03-01,received_close,BBG000BL46Q4,REG,2017-03-02
BBG000BTFDR9,2018-02-12,last_close,BBG000BTFDR9,CAA,2018-02-12
BBG000BTFDR9,2018-02-12,received_close,,LEN,2018-02-13
BBG000BTKGG8,2019-12-06,last_close,BBG000BTKGG8,STI,2019-12-06
BBG000BTKGG8,2019-12-06,received_close,BBG000BYYLS8,TFC,2019-12-09
BBG000BTLMX5,2016-09-16,last_close,BBG000BTLMX5,STR,2016-09-16
BBG000BTMDX4,2012-03-26,last_close,BBG000BTMDX4,SUG,2012-03-26
BBG000BTMDX4,2012-03-26,received_close,,ETE,2012-03-27
BBG000BTN971,2012-10-04,last_close,BBG000BTN971,SUN,2012-10-04
BBG000BTN971,2012-10-04,received_close,,ETP,2012-10-05
BBG000BTQ9G8,2018-10-19,last_close,BBG000BTQ9G8,SVU,2018-10-19
BBG000BTR593,2024-09-30,last_close,BBG000BTR593,SWN,2024-09-30
BBG000BTR593,2024-09-30,received_close,BBG00Z6DX554,CHK,2024-10-01
BBG000BTZ1M8,2011-11-09,last_close,BBG000BTZ1M8,VSEA,2011-11-09
BBG000BV1Y93,2016-06-30,last_close,BBG000BV1Y93,TE,2016-06-30
BBG000BV2BR2,2020-06-29,last_close,BBG000BV2BR2,TECD,2020-06-29
BBG000BV3594,2007-11-21,last_close,BBG000BV3594,TEK,2007-11-21
BBG000BV3SC0,2015-01-12,last_close,BBG000BV3SC0,ROC,2015-01-12
BBG000BV3SC0,2015-01-12,received_close,BBG000BJ26K7,ALB,2015-01-13
BBG000BV52H0,2007-08-24,last_close,BBG000BV52H0,KSE,2007-08-24
BBG000BV75B7,2021-01-06,last_close,BBG000BV75B7,TIF,2021-01-06
BBG000BV7LP7,2015-01-29,last_close,BBG000BV7LP7,SWY,2015-01-29
BBG000BV7YT5,2012-02-10,last_close,BBG000BV7YT5,TIN,2012-02-10
BBG000BV9X97,2013-11-29,last_close,BBG000BV9X97,TLAB,2013-11-29
BBG000BVF2M3,2016-04-15,last_close,BBG000BVF2M3,JAH,2016-04-15
BBG000BVF2M3,2016-04-15,received_close,BBG000BQC9V2,NWL,2016-04-18
BBG000BVFFV4,2012-05-16,last_close,BBG000BVFFV4,TNB,2012-05-16
BBG000BVK2W6,2007-12-20,last_close,BBG000BVK2W6,TRB,2007-12-20
BBG000BVPPM1,2018-09-28,last_close,BBG000BVPPM1,ANDV,2018-09-28
BBG000BVPPM1,2018-09-28,received_close,,MPC,2018-10-01
BBG000BVSX05,2014-12-05,last_close,BBG000BVSX05,TIBX,2014-12-05
BBG000BVVHH8,2016-02-26,last_close,BBG000BVVHH8,SIRO,2016-02-26
BBG000BVVHH8,2016-02-26,received_close,,XRAY,2016-02-29
BBG000BVW841,2007-10-10,last_close,BBG000BVW841,TXU,2007-10-10
BBG000BW4804,2020-05-22,last_close,BBG000BW4804,UNT,2020-05-22
BBG000BW4804,2020-05-22,otc_print,BBG000BW4804,UNT,2020-05-26
BBG000BW5YW1,2019-04-23,last_close,BBG000BW5YW1,USG,2019-04-23
BBG000BW73T1,2009-01-05,last_close,BBG000BW73T1,UST,2009-01-05
BBG000BW9W88,2017-05-31,last_close,BBG000BW9W88,VAL,2017-05-31
BBG000BWBZN1,2021-04-14,last_close,BBG000BWBZN1,VAR,2021-04-14
BBG000BWDFD4,2025-08-06,last_close,BBG000BWDFD4,PARAA,2025-08-06
BBG000BWLMJ4,2025-08-27,last_close,BBG000BWLMJ4,WBA,2025-08-27
BBG000BWMX63,2026-08-19,last_close,BBG000BWMX63,WBS,2026-08-19
BBG000BWMX63,2026-08-19,received_close,BBG000BTJS47,SAN,2026-08-20
BBG000BWPN99,2008-09-29,last_close,BBG000BWPN99,WEN,2008-09-29
BBG000BWPN99,2008-09-29,received_close,,WEN,2008-09-30
BBG000BWQLY4,2023-11-30,last_close,BBG000BWQLY4,PACW,2023-11-30
BBG000BWQLY4,2023-11-30,received_close,BBG000F7VG25,BANC,2023-12-01
BBG000BWXL85,2019-07-08,last_close,BBG000BWXL85,RHT,2019-07-08
BBG000BWYFX9,2015-06-29,last_close,BBG000BWYFX9,TEG,2015-06-29
BBG000BWYFX9,2015-06-29,received_close,,WEC,2015-06-30
BBG000BWZBT2,2021-08-03,last_close,BBG000BWZBT2,WRI,2021-08-03
BBG000BWZBT2,2021-08-03,received_close,BBG000CN3S73,KIM,2021-08-04
BBG000BX0R13,2011-06-24,last_close,BBG000BX0R13,WSC,2011-06-24
BBG000BX0R13,2011-06-24,received_close,BBG000DWG505,BRK-B,2011-06-27
BBG000BX3B60,2008-10-06,last_close,BBG000BX3B60,WWY,2008-10-06
BBG000BX3TD3,2025-06-17,last_close,BBG000BX3TD3,X,2025-06-17
BBG000BX6BJ3,2022-10-18,last_close,BBG000BX6BJ3,Y,2022-10-18
BBG000BX8DC4,2025-09-05,last_close,BBG000BX8DC4,FL,2025-09-05
BBG000BX8DC4,2025-09-05,received_close,,DKS,2025-09-08
BBG000BXNJ07,2020-04-15,last_close,BBG000BXNJ07,CY,2020-04-15
BBG000BXRPH1,2024-05-02,last_close,BBG000BXRPH1,PXD,2024-05-02
BBG000BXRPH1,2024-05-02,received_close,BBG000GZQ728,XOM,2024-05-03
BBG000BY10C7,2011-09-30,last_close,BBG000BY10C7,BJ,2011-09-30
BBG000BY33P5,2025-07-01,last_close,BBG000BY33P5,JNPR,2025-07-01
BBG000BYD720,2017-05-26,last_close,BBG000BYD720,JNS,2017-05-26
BBG000BYD720,2017-05-26,received_close,,JHG,2017-05-30
BBG000BYKSX2,2017-10-02,last_close,BBG000BYKSX2,ALR,2017-10-02
BBG000BYR208,2017-01-03,last_close,BBG000BYR208,ACAS,2017-01-03
BBG000BYR208,2017-01-03,received_close,BBG000PD6X77,ARCC,2017-01-04
BBG000BZ2GG4,2016-04-01,last_close,BBG000BZ2GG4,CAM,2016-04-01
BBG000BZ2GG4,2016-04-01,received_close,BBG000BT41Q8,SLB,2016-04-04
BBG000C01DF9,2008-07-09,last_close,BBG000C01DF9,NVT,2008-07-09
BBG000C070N2,2008-07-28,last_close,BBG000C070N2,XMSR,2008-07-28
BBG000C070N2,2008-07-28,received_close,,SIRI,2008-07-29
BBG000C0F570,2022-02-11,last_close,BBG000C0F570,XLNX,2022-02-11
BBG000C0F570,2022-02-11,received_close,BBG000BBQCY0,AMD,2022-02-14
BBG000C0HQ54,2022-08-25,last_close,BBG000C0HQ54,ENDP,2022-08-25
BBG000C0HQ54,2022-08-25,otc_print,BBG000C0HQ54,ENDP,2022-08-26
BBG000C0MF34,2016-01-29,last_close,BBG000C0MF34,PCP,2016-01-29
BBG000C0NY96,2019-07-31,last_close,BBG000C0NY96,TCF,2019-07-31
BBG000C0NY96,2019-07-31,received_close,,CHFC,2019-08-01
BBG000C0PBV9,2008-12-31,last_close,BBG000C0PBV9,NCC,2008-12-31
BBG000C0PBV9,2008-12-31,received_close,BBG000BRD0D8,PNC,2009-01-02
BBG000C0ZL64,2007-12-20,last_close,BBG000C0ZL64,LYO,2007-12-20
BBG000C0ZW33,2023-02-28,last_close,BBG000C0ZW33,UMPQ,2023-02-28
BBG000C0ZW33,2023-02-28,received_close,BBG000CTGXS2,COLB,2023-03-01
BBG000C101X4,2022-12-21,last_close,BBG000C101X4,ABMD,2022-12-21
BBG000C11MQ5,2015-05-22,last_close,BBG000C11MQ5,PCYC,2015-05-22
BBG000C15T95,2018-12-20,last_close,BBG000C15T95,ESRX,2018-12-20
BBG000C15T95,2018-12-20,received_close,BBG000BFMBQ6,CI,2018-12-21
BBG000C1J0Q4,2016-02-19,last_close,BBG000C1J0Q4,PCL,2016-02-19
BBG000C1J0Q4,2016-02-19,received_close,BBG000BX3BL3,WY,2016-02-22
BBG000C1JTL6,2019-09-17,last_close,BBG000C1JTL6,TSS,2019-09-17
BBG000C1JTL6,2019-09-17,received_close,BBG000CX0P89,GPN,2019-09-18
BBG000C1SCJ6,2019-05-02,last_close,BBG000C1SCJ6,ULTI,2019-05-02
BBG000C1TTV4,2008-01-28,last_close,BBG000C1TTV4,HET,2008-01-28
BBG000C22QV7,2026-04-08,last_close,BBG000C22QV7,SEE,2026-04-08
BBG000C2H3F0,2021-06-03,last_close,BBG000C2H3F0,CLGX,2021-06-03
BBG000C2HB99,2012-04-09,last_close,BBG000C2HB99,NST,2012-04-09
BBG000C2HB99,2012-04-09,received_close,,NU,2012-04-10
BBG000C2NV89,2008-08-25,last_close,BBG000C2NV89,EDS,2008-08-25
BBG000C2YHG9,2023-12-29,last_close,BBG000C2YHG9,DISH,2023-12-29
BBG000C2YHG9,2023-12-29,received_close,BBG000TGLV00,SATS,2024-01-02
BBG000C31LY4,2016-04-04,last_close,BBG000C31LY4,ATML,2016-04-04
BBG000C31LY4,2016-04-04,received_close,BBG000BHCP19,MCHP,2016-04-05
BBG000C3GN47,2026-05-06,last_close,BBG000C3GN47,CTRA,2026-05-06
BBG000C3GN47,2026-05-06,received_close,BBG000BBVJZ8,DVN,2026-05-07
BBG000C3HNW5,2014-10-16,last_close,BBG000C3HNW5,URS,2014-10-16
BBG000C3HNW5,2014-10-16,received_close,,ACM,2014-10-17
BBG000C3JJC4,2015-01-30,last_close,BBG000C3JJC4,PL,2015-01-30
BBG000C3NTN5,2026-04-06,last_close,BBG000C3NTN5,HOLX,2026-04-06
BBG000C3QN19,2010-11-16,last_close,BBG000C3QN19,PTV,2010-11-16
BBG000C3W281,2026-06-09,last_close,BBG000C3W281,MASI,2026-06-09
BBG000C3Y7J6,2017-04-12,last_close,BBG000C3Y7J6,BEAV,2017-04-12
BBG000C3Y7J6,2017-04-12,received_close,BBG000BN1XR3,COL,2017-04-13
BBG000C42VL3,2023-07-19,last_close,BBG000C42VL3,LSI,2023-07-19
BBG000C42VL3,2023-07-19,received_close,BBG000PV27K3,EXR,2023-07-20
BBG000C44LH8,2015-10-30,last_close,BBG000C44LH8,CYN,2015-10-30
BBG000C44LH8,2015-10-30,received_close,BBG000BSSC44,RY,2015-11-02
BBG000C496P7,2025-08-06,last_close,BBG000C496P7,PARA,2025-08-06
BBG000C4FB79,2012-03-05,last_close,BBG000C4FB79,TRH,2012-03-05
BBG000C4FB79,2012-03-05,received_close,,Y,2012-03-06
BBG000C4H302,2010-04-28,last_close,BBG000C4H302,BJS,2010-04-28
BBG000C4H302,2010-04-28,received_close,BBG000BD4VG8,BHI,2010-04-29
BBG000C4HKK2,2025-09-11,last_close,BBG000C4HKK2,SKX,2025-09-11
BBG000C4VW39,2018-06-06,last_close,BBG000C4VW39,OA,2018-06-06
BBG000C4WJT9,2017-07-11,last_close,BBG000C4WJT9,KATE,2017-07-11
BBG000C4XD11,2008-12-05,last_close,BBG000C4XD11,AW,2008-12-05
BBG000C4XD11,2008-12-05,received_close,BBG000BPXVJ6,RSG,2008-12-08
BBG000C4XG05,2010-05-28,last_close,BBG000C4XG05,CXG,2010-05-28
BBG000C4Y9D6,2011-03-31,last_close,BBG000C4Y9D6,Q,2011-03-31
BBG000C4Y9D6,2011-03-31,received_close,BBG000BGLRN3,CTL,2011-04-01
BBG000C4ZFV1,2015-07-01,last_close,BBG000C4ZFV1,MWV,2015-07-01
BBG000C4ZFV1,2015-07-01,received_close,BBG008NXC572,WRK,2015-07-02
BBG000C4ZNF2,2010-11-08,last_close,BBG000C4ZNF2,ABK,2010-11-08
BBG000C4ZNF2,2010-11-08,otc_print,BBG000C4ZNF2,ABK,2010-11-09
BBG000C60K98,2021-11-29,last_close,BBG000C60K98,CVA,2021-11-29
BBG000C6F3T8,2015-04-06,last_close,BBG000C6F3T8,IGT,2015-04-06
BBG000C6F3T8,2015-04-06,received_close,,IGT,2015-04-07
BBG000C6W266,2014-12-04,last_close,BBG000C6W266,CNQR,2014-12-04
BBG000C75N77,2026-01-30,last_close,BBG000C75N77,CMA,2026-01-30
BBG000C75N77,2026-01-30,received_close,BBG000BJL3N0,FITB,2026-02-02
BBG000C7B169,2011-07-19,last_close,BBG000C7B169,WMG,2011-07-19
BBG000C7WZ16,2014-04-08,last_close,BBG000C7WZ16,JNY,2014-04-08
BBG000C89QJ1,2017-09-25,last_close,BBG000C89QJ1,CAB,2017-09-25
BBG000C8FRK0,2011-10-13,last_close,BBG000C8FRK0,CEPH,2011-10-13
BBG000C8H633,2024-11-21,last_close,BBG000C8H633,MRO,2024-11-21
BBG000C8H633,2024-11-21,received_close,BBG000BQQH30,COP,2024-11-22
BBG000C90DH9,2025-11-26,last_close,BBG000C90DH9,IPG,2025-11-26
BBG000C90DH9,2025-11-26,received_close,BBG000BS9489,OMC,2025-11-28
BBG000C9N6Q9,2015-08-21,last_close,BBG000C9N6Q9,ANN,2015-08-21
BBG000C9N6Q9,2015-08-21,received_close,,ASNA,2015-08-24
BBG000CCFBC5,2012-08-10,last_close,BBG000CCFBC5,LNCR,2012-08-10
BBG000CF2GH6,2017-02-15,last_close,BBG000CF2GH6,ARIA,2017-02-15
BBG000CG0HP5,2007-12-21,last_close,BBG000CG0HP5,HCR,2007-12-21
BBG000CGQ6M4,2018-10-30,last_close,BBG000CGQ6M4,PX,2018-10-30
BBG000CGQ6M4,2018-10-30,received_close,,LIN,2018-10-31
BBG000CGT2S4,2016-04-29,last_close,BBG000CGT2S4,UPL,2016-04-29
BBG000CGT2S4,2016-04-29,otc_print,BBG000CGT2S4,UPL,2016-05-02
BBG000CH11X8,2011-06-03,last_close,BBG000CH11X8,WTNY,2011-06-03
BBG000CH11X8,2011-06-03,received_close,BBG000CBC7D8,HBHC,2011-06-06
BBG000CHWP52,2022-04-08,last_close,BBG000CHWP52,DISCA,2022-04-08
BBG000CHWP52,2022-04-08,received_close,,WBD,2022-04-11
BBG000CKJ0P3,2014-02-03,last_close,BBG000CKJ0P3,LIFE,2014-02-03
BBG000CKRZF8,2008-04-18,last_close,BBG000CKRZF8,GRP,2008-04-18
BBG000CKRZF8,2008-04-18,received_close,BBG000BJX8C8,NOV,2008-04-21
BBG000CL1HL7,2026-05-26,last_close,BBG000CL1HL7,VRE,2026-05-26
BBG000CLNSF6,2022-01-31,last_close,BBG000CLNSF6,STL,2022-01-31
BBG000CLNSF6,2022-01-31,received_close,BBG000BWMX63,WBS,2022-02-01
BBG000CLVM51,2020-01-23,last_close,BBG000CLVM51,WCG,2020-01-23
BBG000CLVM51,2020-01-23,received_close,BBG000BDXCJ5,CNC,2020-01-24
BBG000CN5CJ3,2021-04-21,last_close,BBG000CN5CJ3,RP,2021-04-21
BBG000CNM3Q6,2012-08-08,last_close,BBG000CNM3Q6,AMLN,2012-08-08
BBG000CP95B7,2012-12-21,last_close,BBG000CP95B7,AGP,2012-12-21
BBG000CPQZ77,2017-08-25,last_close,BBG000CPQZ77,WFM,2017-08-25
BBG000CPZ0F5,2020-12-30,last_close,BBG000CPZ0F5,PDLI,2020-12-30
BBG000CPZ0F5,2020-12-30,otc_print,BBG000CPZ0F5,PDLI,2020-12-31
BBG000CQB684,2011-12-01,last_close,BBG000CQB684,NLC,2011-12-01
BBG000CQB684,2011-12-01,received_close,,ECL,2011-12-02
BBG000CRTLP1,2019-03-07,last_close,BBG000CRTLP1,NTRI,2019-03-07
BBG000CRTLP1,2019-03-07,received_close,BBG000C1THJ4,TVTY,2019-03-08
BBG000CS7CB8,2007-11-13,last_close,BBG000CS7CB8,JNC,2007-11-13
BBG000CSY9H9,2023-05-02,last_close,BBG000CSY9H9,BBBY,2023-05-02
BBG000CSY9H9,2023-05-02,otc_print,BBG000CSY9H9,BBBY,2023-05-03
BBG000CT56K1,2014-01-24,last_close,BBG000CT56K1,HMA,2014-01-24
BBG000CT56K1,2014-01-24,received_close,BBG000BDY3Y7,CYH,2014-01-27
BBG000CVWGS6,2023-10-12,last_close,BBG000CVWGS6,ATVI,2023-10-12
BBG000CWL0F5,2026-03-20,last_close,BBG000CWL0F5,EXAS,2026-03-20
BBG000CXLZ20,2010-09-30,last_close,BBG000CXLZ20,ACF,2010-09-30
BBG000CYNBV7,2016-03-23,last_close,BBG000CYNBV7,HNT,2016-03-23
BBG000CYNBV7,2016-03-23,received_close,BBG000BDXCJ5,CNC,2016-03-24
BBG000D0BMV9,2014-10-31,last_close,BBG000D0BMV9,TWTC,2014-10-31
BBG000D0BMV9,2014-10-31,received_close,BBG000HZFZX3,LVLT,2014-11-03
BBG000D1QCF1,2017-01-17,last_close,BBG000D1QCF1,FTI,2017-01-17
BBG000D1QCF1,2017-01-17,received_close,,FTI,2017-01-18
BBG000D2H038,2016-03-03,last_close,BBG000D2H038,SLH,2016-03-03
BBG000D2ZTS8,2025-11-28,last_close,BBG000D2ZTS8,HBI,2025-11-28
BBG000D2ZTS8,2025-11-28,received_close,BBG000BH2CW5,GIL,2025-12-01
BBG000D3MB18,2013-06-07,last_close,BBG000D3MB18,VMED,2013-06-07
BBG000D3MB18,2013-06-07,received_close,,LBTYA,2013-06-10
BBG000D6L294,2021-09-30,last_close,BBG000D6L294,XEC,2021-09-30
BBG000D6L294,2021-09-30,received_close,BBG000C3GN47,COG,2021-10-01
BBG000D7DN13,2013-07-09,last_close,BBG000D7DN13,CLWR,2013-07-09
BBG000D9V7T4,2020-10-16,last_close,BBG000D9V7T4,AAN,2020-10-16
BBG000D9V7T4,2020-10-16,received_close,BBG00VSH86G4,AAN,2020-10-19
BBG000DBTPX7,2015-12-14,last_close,BBG000DBTPX7,AWAY,2015-12-14
BBG000DBTPX7,2015-12-14,received_close,BBG000QY3XZ2,EXPE,2015-12-15
BBG000DBVBY4,2021-02-26,last_close,BBG000DBVBY4,EV,2021-02-26
BBG000DBVBY4,2021-02-26,received_close,,MS,2021-03-01
BBG000DDXVZ3,2018-04-16,last_close,BBG000DDXVZ3,DST,2018-04-16
BBG000DGM399,2008-03-28,last_close,BBG000DGM399,CBH,2008-03-28
BBG000DGM399,2008-03-28,received_close,BBG000BXBHJ4,TD,2008-03-31
BBG000DGZ1B6,2016-10-31,last_close,BBG000DGZ1B6,MWW,2016-10-31
BBG000DHM3H8,2019-12-04,last_close,BBG000DHM3H8,VIA,2019-12-04
BBG000DHM3H8,2019-12-04,received_close,,CBS,2019-12-05
BBG000DHNDK1,2015-06-22,last_close,BBG000DHNDK1,AOL,2015-06-22
BBG000DHSPT0,2019-12-04,last_close,BBG000DHSPT0,VIA-B,2019-12-04
BBG000DHSPT0,2019-12-04,received_close,,CBS,2019-12-05
BBG000DM12W5,2014-11-21,last_close,BBG000DM12W5,BYI,2014-11-21
BBG000DNTSP4,2017-02-24,last_close,BBG000DNTSP4,SE,2017-02-24
BBG000DNTSP4,2017-02-24,received_close,BBG000K5M1S8,ENB,2017-02-27
BBG000DQV538,2017-03-28,last_close,BBG000DQV538,ENH,2017-03-28
BBG000DQV8M1,2010-12-03,last_close,BBG000DQV8M1,MIR,2010-12-03
BBG000DQV8M1,2010-12-03,received_close,,RRI,2010-12-06
BBG000DQX1D4,2016-03-23,last_close,BBG000DQX1D4,POM,2016-03-23
BBG000DST2V3,2012-05-24,last_close,BBG000DST2V3,EP,2012-05-24
BBG000DST2V3,2012-05-24,received_close,,KMI,2012-05-25
BBG000DTMH63,2020-07-30,last_close,BBG000DTMH63,NE,2020-07-30
BBG000DTMH63,2020-07-30,otc_print,BBG000DTMH63,NE,2020-07-31
BBG000DTRKK5,2008-10-21,last_close,BBG000DTRKK5,DRS,2008-10-21
BBG000DW4937,2013-11-04,last_close,BBG000DW4937,SKS,2013-11-04
BBG000DWMRV6,2016-07-29,last_close,BBG000DWMRV6,FNFG,2016-07-29
BBG000DWMRV6,2016-07-29,received_close,BBG000BMQPL1,KEY,2016-08-01
BBG000DXVB85,2012-07-31,last_close,BBG000DXVB85,GPRO,2012-07-31
BBG000DY8ZS4,2019-05-10,last_close,BBG000DY8ZS4,WFT,2019-05-10
BBG000DY8ZS4,2019-05-10,otc_print,BBG000DY8ZS4,WFT,2019-05-13
BBG000DZCFX4,2025-12-12,last_close,BBG000DZCFX4,VTLE,2025-12-12
BBG000DZCFX4,2025-12-12,received_close,BBG013THLHZ4,CRGY,2025-12-15
BBG000DZK6N6,2023-10-10,last_close,BBG000DZK6N6,NATI,2023-10-10
BBG000DZMH32,2009-10-15,last_close,BBG000DZMH32,WYE,2009-10-15
BBG000DZMH32,2009-10-15,received_close,BBG000BR2B91,PFE,2009-10-16
BBG000F0PF65,2018-06-14,last_close,BBG000F0PF65,TWX,2018-06-14
BBG000F0PF65,2018-06-14,received_close,BBG000BSJK37,T,2018-06-15
BBG000F0ZXG4,2009-03-17,last_close,BBG000F0ZXG4,CEM,2009-03-17
BBG000F0ZXG4,2009-03-17,otc_print,BBG000F0ZXG4,CEM,2009-03-18
BBG000F15NW9,2017-01-04,last_close,BBG000F15NW9,STJ,2017-01-04
BBG000F15NW9,2017-01-04,received_close,BBG000B9ZXB4,ABT,2017-01-05
BBG000F4VS53,2009-02-26,last_close,BBG000F4VS53,EYE,2009-02-26
BBG000F4W0M4,2024-07-01,last_close,BBG000F4W0M4,SIX,2024-07-01
BBG000F4W0M4,2024-07-01,received_close,BBG01K8GRMX6,FUN,2024-07-02
BBG000F5YH15,2023-09-11,last_close,BBG000F5YH15,WWE,2023-09-11
BBG000F5YH15,2023-09-11,received_close,BBG01G9JKWV5,TKO,2023-09-12
BBG000F64MM2,2016-05-18,last_close,BBG000F64MM2,CTCM,2016-05-18
BBG000F80SZ5,2016-04-20,last_close,BBG000F80SZ5,SUNE,2016-04-20
BBG000F80SZ5,2016-04-20,otc_print,BBG000F80SZ5,SUNE,2016-04-21
BBG000F9KJN4,2016-11-02,last_close,BBG000F9KJN4,RAX,2016-11-02
BBG000FBK808,2020-07-28,last_close,BBG000FBK808,DNR,2020-07-28
BBG000FBK808,2020-07-28,otc_print,BBG000FBK808,DNR,2020-07-29
BBG000FBR384,2014-04-30,last_close,BBG000FBR384,BEAM,2014-04-30
BBG000FBRL11,2025-12-18,last_close,BBG000FBRL11,PGRE,2025-12-18
BBG000FBWYH0,2026-06-25,last_close,BBG000FBWYH0,PRA,2026-06-25
BBG000FC9SM1,2017-10-31,last_close,BBG000FC9SM1,BXS,2017-10-31
BBG000FC9SM1,2017-10-31,received_close,,BXS,2017-11-01
BBG000FF9HX6,2016-01-21,last_close,BBG000FF9HX6,UTIW,2016-01-21
BBG000FG3C43,2016-05-11,last_close,BBG000FG3C43,SNDK,2016-05-11
BBG000FG3C43,2016-05-11,received_close,BBG000BWNFZ9,WDC,2016-05-12
BBG000FH5YM1,2020-04-23,last_close,BBG000FH5YM1,FTR,2020-04-23
BBG000FH5YM1,2020-04-23,otc_print,BBG000FH5YM1,FTR,2020-04-24
BBG000FH8PX5,2020-05-08,last_close,BBG000FH8PX5,AGN,2020-05-08
BBG000FH8PX5,2020-05-08,received_close,BBG0025Y4RY4,ABBV,2020-05-11
BBG000FHZ756,2011-05-31,last_close,BBG000FHZ756,PDE,2011-05-31
BBG000FHZ756,2011-05-31,received_close,,ESV,2011-06-01
BBG000FJJW82,2008-11-21,last_close,BBG000FJJW82,ABI,2008-11-21
BBG000FJJW82,2008-11-21,received_close,,IVGN,2008-11-24
BBG000FJLFX8,2018-11-28,last_close,BBG000FJLFX8,AET,2018-11-28
BBG000FJLFX8,2018-11-28,received_close,BBG000BGRY34,CVS,2018-11-29
BBG000FJP263,2011-02-25,last_close,BBG000FJP263,AYE,2011-02-25
BBG000FJRZ68,2020-04-24,last_close,BBG000FJRZ68,DO,2020-04-24
BBG000FJRZ68,2020-04-24,otc_print,BBG000FJRZ68,DO,2020-04-27
BBG000FKYVH4,2016-11-28,last_close,BBG000FKYVH4,LXK,2016-11-28
BBG000FL1TC8,2015-07-24,last_close,BBG000FL1TC8,DTV,2015-07-24
BBG000FL1TC8,2015-07-24,received_close,BBG000BSJK37,T,2015-07-27
BBG000FQ6PY6,2022-09-29,last_close,BBG000FQ6PY6,CTXS,2022-09-29
BBG000FRBSS9,2008-12-05,last_close,BBG000FRBSS9,WB,2008-12-05
BBG000FRBSS9,2008-12-05,received_close,BBG000BWQFY7,WFC,2008-12-08
BBG000FRJVJ4,2011-06-30,last_close,BBG000FRJVJ4,FTO,2011-06-30
BBG000FRJVJ4,2011-06-30,received_close,,HOC,2011-07-01
BBG000FVQ185,2024-08-15,last_close,BBG000FVQ185,SPWR,2024-08-15
BBG000FVQ185,2024-08-15,otc_print,BBG000FVQ185,SPWR,2024-08-16
BBG000FVQ434,2016-07-12,last_close,BBG000FVQ434,IHS,2016-07-12
BBG000FVQ434,2016-07-12,received_close,,INFO,2016-07-13
BBG000FXYZF9,2008-09-29,last_close,BBG000FXYZF9,WM,2008-09-29
BBG000FXYZF9,2008-09-29,otc_print,BBG000FXYZF9,WM,2008-09-30
BBG000FYNMX8,2011-05-13,last_close,BBG000FYNMX8,WL,2011-05-13
BBG000FYNMX8,2011-05-13,received_close,BBG000D9KWL9,MTB,2011-05-16
BBG000G0PPW3,2016-12-01,last_close,BBG000G0PPW3,AMSG,2016-12-01
BBG000G0PPW3,2016-12-01,received_close,,EVHC,2016-12-02
BBG000G30YX4,2021-07-20,last_close,BBG000G30YX4,ALXN,2021-07-20
BBG000G30YX4,2021-07-20,received_close,BBG000BZ0DK8,AZN,2021-07-21
BBG000G5H5S0,2012-03-12,last_close,BBG000G5H5S0,CEG,2012-03-12
BBG000G5H5S0,2012-03-12,received_close,BBG000J6XT05,EXC,2012-03-13
BBG000G61VB6,2007-07-12,last_close,BBG000G61VB6,BOT,2007-07-12
BBG000G61VB6,2007-07-12,received_close,BBG000BHLYP4,CME,2007-07-13
BBG000G6BN50,2017-07-17,last_close,BBG000G6BN50,PNRA,2017-07-17
BBG000G7QX50,2025-11-24,last_close,BBG000G7QX50,PINC,2025-11-24
BBG000G8M3Q5,2008-11-03,last_close,BBG000G8M3Q5,UB,2008-11-03
BBG000G8N9C6,2025-05-20,last_close,BBG000G8N9C6,JWN,2025-05-20
BBG000GC80B4,2015-01-26,last_close,BBG000GC80B4,COV,2015-01-26
BBG000GC80B4,2015-01-26,received_close,,MDT,2015-01-27
BBG000GLBN48,2013-09-30,last_close,BBG000GLBN48,ONXX,2013-09-30
BBG000GMDMK8,2019-12-27,last_close,BBG000GMDMK8,GWR,2019-12-27
BBG000GQ1G25,2024-09-16,last_close,BBG000GQ1G25,TUP,2024-09-16
BBG000GQ1G25,2024-09-16,otc_print,BBG000GQ1G25,TUP,2024-09-17
BBG000GQGJT4,2026-02-10,last_close,BBG000GQGJT4,THS,2026-02-10
BBG000GVTP33,2017-09-27,last_close,BBG000GVTP33,OB,2017-09-27
BBG000GXZ4W7,2025-07-16,last_close,BBG000GXZ4W7,ANSS,2025-07-16
BBG000GXZ4W7,2025-07-16,received_close,BBG000BSFRF3,SNPS,2025-07-17
BBG000GYLKX3,2013-09-26,last_close,BBG000GYLKX3,SFD,2013-09-26
BBG000GZD660,2015-01-21,last_close,BBG000GZD660,CBST,2015-01-21
BBG000H28X05,2010-02-26,last_close,BBG000H28X05,PAS,2010-02-26
BBG000H28X05,2010-02-26,received_close,,PEP,2010-03-01
BBG000H3FZM6,2024-11-01,last_close,BBG000H3FZM6,SRCL,2024-11-01
BBG000H4NW15,2016-12-05,last_close,BBG000H4NW15,IM,2016-12-05
BBG000H4YVR7,2016-09-27,last_close,BBG000H4YVR7,MDVN,2016-09-27
BBG000H50PN8,2013-05-06,last_close,BBG000H50PN8,CVH,2013-05-06
BBG000H50PN8,2013-05-06,received_close,BBG000FJLFX8,AET,2013-05-07
BBG000H6HNW3,2022-10-27,last_close,BBG000H6HNW3,TWTR,2022-10-27
BBG000H89QJ6,2016-05-17,last_close,BBG000H89QJ6,TWC,2016-05-17
BBG000H89QJ6,2016-05-17,received_close,,CHTR,2016-05-18
BBG000HNMMT6,2019-10-17,last_close,BBG000HNMMT6,ISCA,2019-10-17
BBG000HZFZX3,2017-10-31,last_close,BBG000HZFZX3,LVLT,2017-10-31
BBG000HZFZX3,2017-10-31,received_close,BBG000BGLRN3,CTL,2017-11-01
BBG000HZT3L2,2008-09-16,last_close,BBG000HZT3L2,EAS,2008-09-16
BBG000J0D904,2024-09-06,last_close,BBG000J0D904,BIG,2024-09-06
BBG000J0D904,2024-09-06,otc_print,BBG000J0D904,BIG,2024-09-09
BBG000J453J8,2019-05-01,last_close,BBG000J453J8,CCO,2019-05-01
BBG000J8CD72,2010-02-05,last_close,BBG000J8CD72,ACS,2010-02-05
BBG000J8CD72,2010-02-05,received_close,,XRX,2010-02-08
BBG000JB27Y9,2015-03-16,last_close,BBG000JB27Y9,CFN,2015-03-16
BBG000JB27Y9,2015-03-16,received_close,BBG000BCZYD3,BDX,2015-03-17
BBG000JDN9K3,2018-07-05,last_close,BBG000JDN9K3,CAVM,2018-07-05
BBG000JDN9K3,2018-07-05,received_close,,MRVL,2018-07-06
BBG000JGQ3K6,2011-06-01,last_close,BBG000JGQ3K6,MEE,2011-06-01
BBG000JGQ3K6,2011-06-01,received_close,BBG000PM7GJ0,ANR,2011-06-02
BBG000JHRSB8,2013-07-30,last_close,BBG000JHRSB8,GDI,2013-07-30
BBG000JKFQB8,2017-04-11,last_close,BBG000JKFQB8,WWAV,2017-04-11
BBG000JN7HR4,2011-11-04,last_close,BBG000JN7HR4,KCI,2011-11-04
BBG000JN9BQ6,2014-09-24,last_close,BBG000JN9BQ6,NIHD,2014-09-24
BBG000JN9BQ6,2014-09-24,otc_print,BBG000JN9BQ6,NIHD,2014-09-25
BBG000JXRXK2,2009-01-29,last_close,BBG000JXRXK2,SOV,2009-01-29
BBG000JXRXK2,2009-01-29,received_close,,SAN,2009-01-30
BBG000K14Q84,2017-04-05,last_close,BBG000K14Q84,JOY,2017-04-05
BBG000K1T0M8,2025-05-06,last_close,BBG000K1T0M8,LGFA,2025-05-06
BBG000K1X873,2009-02-03,last_close,BBG000K1X873,SSCC,2009-02-03
BBG000K1X873,2009-02-03,otc_print,BBG000K1X873,SSCC,2009-02-04
BBG000K3T8L8,2018-06-04,last_close,BBG000K3T8L8,GXP,2018-06-04
BBG000K7PWX7,2015-08-06,last_close,BBG000K7PWX7,INFA,2015-08-06
BBG000KJP3V7,2021-06-01,last_close,BBG000KJP3V7,CMD,2021-06-01
BBG000KJP3V7,2021-06-01,received_close,,STE,2021-06-02
BBG000KZCJJ4,2020-03-27,last_close,BBG000KZCJJ4,AYR,2020-03-27
BBG000L0R4R8,2017-09-11,last_close,BBG000L0R4R8,WOOF,2017-09-11
BBG000L8QT60,2013-03-28,last_close,BBG000L8QT60,APKT,2013-03-28
BBG000L93Q69,2007-07-11,last_close,BBG000L93Q69,THE,2007-07-11
BBG000L93Q69,2007-07-11,received_close,,HERO,2007-07-12
BBG000M34GG1,2022-07-20,last_close,BBG000M34GG1,MIC,2022-07-20
BBG000M9KP89,2022-08-09,last_close,BBG000M9KP89,ACC,2022-08-09
BBG000MBPVL1,2014-04-07,last_close,BBG000MBPVL1,CSE,2014-04-07
BBG000MBPVL1,2014-04-07,received_close,BBG000BWQLY4,PACW,2014-04-08
BBG000MG3Y65,2026-08-24,last_close,BBG000MG3Y65,TWO,2026-08-24
BBG000MJRJJ2,2023-08-11,last_close,BBG000MJRJJ2,HHC,2023-08-11
BBG000MMR2C9,2017-12-22,last_close,BBG000MMR2C9,XCO,2017-12-22
BBG000MMR2C9,2017-12-22,otc_print,BBG000MMR2C9,XCO,2017-12-26
BBG000MRMY60,2012-03-30,last_close,BBG000MRMY60,MHS,2012-03-30
BBG000MRMY60,2012-03-30,received_close,,ESRX,2012-04-02
BBG000MTPB18,2020-10-12,last_close,BBG000MTPB18,CETV,2020-10-12
BBG000MZFMS2,2015-03-31,last_close,BBG000MZFMS2,SLXP,2015-03-31
BBG000N746D6,2020-10-01,last_close,BBG000N746D6,ETFC,2020-10-01
BBG000N746D6,2020-10-01,received_close,BBG000BLZRJ2,MS,2020-10-02
BBG000N7CH25,2013-09-30,last_close,BBG000N7CH25,WCRX,2013-09-30
BBG000N7CH25,2013-09-30,received_close,,ACT,2013-10-01
BBG000N7MYP2,2014-07-22,last_close,BBG000N7MYP2,FIO,2014-07-22
BBG000NC8DB8,2009-06-30,last_close,BBG000NC8DB8,EQ,2009-06-30
BBG000NC8DB8,2009-06-30,received_close,BBG000BGLRN3,CTL,2009-07-01
BBG000NDZ417,2013-05-30,last_close,BBG000NDZ417,PXP,2013-05-30
BBG000NDZ417,2013-05-30,received_close,,FCX,2013-05-31
BBG000NS03H7,2021-07-08,last_close,BBG000NS03H7,MSGN,2021-07-08
BBG000NS03H7,2021-07-08,received_close,,MSGE,2021-07-09
BBG000P1F8Q7,2015-09-02,last_close,BBG000P1F8Q7,HSP,2015-09-02
BBG000P1K2X6,2026-07-15,last_close,BBG000P1K2X6,GTLS,2026-07-15
BBG000PB7F79,2015-06-30,last_close,BBG000PB7F79,DRC,2015-06-30
BBG000PCNTM2,2016-12-08,last_close,BBG000PCNTM2,STRZA,2016-12-08
BBG000PCNTM2,2016-12-08,received_close,,LGF,2016-12-09
BBG000PCQQL6,2025-02-21,last_close,BBG000PCQQL6,QRTEA,2025-02-21
BBG000PJ88D0,2015-08-14,last_close,BBG000PJ88D0,GTI,2015-08-14
BBG000PLXQQ3,2015-05-14,last_close,BBG000PLXQQ3,TRW,2015-05-14
BBG000PQ6YJ3,2018-10-23,last_close,BBG000PQ6YJ3,SHLD,2018-10-23
BBG000PQ6YJ3,2018-10-23,otc_print,BBG000PQ6YJ3,SHLD,2018-10-24
BBG000PRJ2Z9,2025-12-05,last_close,BBG000PRJ2Z9,SPR,2025-12-05
BBG000PRJ2Z9,2025-12-05,received_close,BBG000BCSST7,BA,2025-12-08
BBG000PRTQ30,2016-01-27,last_close,BBG000PRTQ30,BMR,2016-01-27
BBG000PSSG77,2008-11-19,last_close,BBG000PSSG77,IAR,2008-11-19
BBG000PSSG77,2008-11-19,otc_print,BBG000PSSG77,IAR,2008-11-20
BBG000PTXBV3,2016-07-11,last_close,BBG000PTXBV3,HTS,2016-07-11
BBG000PTXBV3,2016-07-11,received_close,,NLY,2016-07-12
BBG000PX3XC0,2020-09-01,last_close,BBG000PX3XC0,WLL,2020-09-01
BBG000PX3XC0,2020-09-01,otc_print,BBG000PX3XC0,WLL,2020-09-02
BBG000PYLK81,2010-03-11,last_close,BBG000PYLK81,BARE,2010-03-11
BBG000Q02P20,2023-05-31,last_close,BBG000Q02P20,MGI,2023-05-31
BBG000Q0BPZ4,2022-01-03,last_close,BBG000Q0BPZ4,CIT,2022-01-03
BBG000Q0BPZ4,2022-01-03,received_close,BBG000BJCDS3,FCNCA,2022-01-04
BBG000Q0FH88,2017-08-07,last_close,BBG000Q0FH88,NSR,2017-08-07
BBG000Q0SZJ2,2020-08-28,last_close,BBG000Q0SZJ2,LOGM,2020-08-28
BBG000Q1R1Y9,2025-04-29,last_close,BBG000Q1R1Y9,BERY,2025-04-29
BBG000Q1R1Y9,2025-04-29,received_close,,AMCR,2025-04-30
BBG000Q5C256,2016-08-22,last_close,BBG000Q5C256,DWA,2016-08-22
BBG000Q7D769,2018-08-21,last_close,BBG000Q7D769,DCT,2018-08-21
BBG000Q7D769,2018-08-21,received_close,BBG000B9Z0J8,PLD,2018-08-22
BBG000Q814S3,2014-03-13,last_close,BBG000Q814S3,LEAP,2014-03-13
BBG000Q9HH23,2016-12-07,last_close,BBG000Q9HH23,LNKD,2016-12-07
BBG000QBR5J5,2025-05-16,last_close,BBG000QBR5J5,DFS,2025-05-16
BBG000QBR5J5,2025-05-16,received_close,BBG000BGKTF9,COF,2025-05-19
BBG000QBY9Q1,2018-11-28,last_close,BBG000QBY9Q1,AFSI,2018-11-28
BBG000QCCGH7,2021-12-07,last_close,BBG000QCCGH7,CXP,2021-12-07
BBG000QDBSK6,2016-11-04,last_close,BBG000QDBSK6,N,2016-11-04
BBG000QDST26,2016-10-13,last_close,BBG000QDST26,ITC,2016-10-13
BBG000QDST26,2016-10-13,received_close,BBG000K9SSS5,FTS,2016-10-14
BBG000QF18M4,2012-07-02,last_close,BBG000QF18M4,SOA,2012-07-02
BBG000QF18M4,2012-07-02,received_close,BBG000BLW530,EMN,2012-07-03
BBG000QGWY50,2025-05-30,last_close,BBG000QGWY50,BLUE,2025-05-30
BBG000QQFVK6,2021-10-21,last_close,BBG000QQFVK6,RPAI,2021-10-21
BBG000QQFVK6,2021-10-21,received_close,BBG000BC2KW8,KRG,2021-10-22
BBG000QRFNK2,2018-08-17,last_close,BBG000QRFNK2,PAY,2018-08-17
BBG000QS8XF2,2018-07-17,last_close,BBG000QS8XF2,VR,2018-07-17
BBG000QW8XR0,2017-09-15,last_close,BBG000QW8XR0,WBMD,2017-09-15
BBG000R23VW8,2021-04-20,last_close,BBG000R23VW8,IPHI,2021-04-20
BBG000R23VW8,2021-04-20,received_close,BBG00ZXBJ153,MRVL,2021-04-21
BBG000R33BD1,2023-09-25,last_close,BBG000R33BD1,RETA,2023-09-25
BBG000R33RF4,2015-08-27,last_close,BBG000R33RF4,RCPT,2015-08-27
BBG000R3BYX0,2010-10-19,last_close,BBG000R3BYX0,BKC,2010-10-19
BBG000R3NPZ4,2026-04-07,last_close,BBG000R3NPZ4,AL,2026-04-07
BBG000R4R715,2019-01-18,last_close,BBG000R4R715,TSRO,2019-01-18
BBG000R4Y9C1,2022-10-18,last_close,BBG000R4Y9C1,AVLR,2022-10-18
BBG000R57L13,2015-04-24,last_close,BBG000R57L13,RVBD,2015-04-24
BBG000R5HWZ1,2021-11-19,last_close,BBG000R5HWZ1,XLRN,2021-11-19
BBG000R7RDB4,2021-01-15,last_close,BBG000R7RDB4,CXO,2021-01-15
BBG000R7RDB4,2021-01-15,received_close,BBG000BQQH30,COP,2021-01-19
BBG000R7SPX2,2016-02-04,last_close,BBG000R7SPX2,SWI,2016-02-04
BBG000RFD341,2008-10-29,last_close,BBG000RFD341,NWA,2008-10-29
BBG000RFD341,2008-10-29,received_close,BBG000R7Z112,DAL,2008-10-30
BBG000RQ2GY7,2021-08-30,last_close,BBG000RQ2GY7,PFPT,2021-08-30
BBG000RQW961,2018-03-06,last_close,BBG000RQW961,SNI,2018-03-06
BBG000RQW961,2018-03-06,received_close,,DISCA,2018-03-07
BBG000RVZC33,2017-09-13,last_close,BBG000RVZC33,DFT,2017-09-13
BBG000RVZC33,2017-09-13,received_close,BBG000Q5ZRM7,DLR,2017-09-14
BBG000TWC2V5,2017-06-14,last_close,BBG000TWC2V5,MJN,2017-06-14
BBG000V31J96,2018-03-08,last_close,BBG000V31J96,CPN,2018-03-08
BBG000VBZJB8,2014-01-02,last_close,BBG000VBZJB8,LPS,2014-01-02
BBG000VBZJB8,2014-01-02,received_close,BBG000JBSJZ4,FNF,2014-01-03
BBG000VCQPM0,2019-10-28,last_close,BBG000VCQPM0,MDSO,2019-10-28
BBG000VD6768,2022-05-20,last_close,BBG000VD6768,ZNGA,2022-05-20
BBG000VD6768,2022-05-20,received_close,BBG000BS1YV5,TTWO,2022-05-23
BBG000VMWHH5,2022-04-08,last_close,BBG000VMWHH5,DISCK,2022-04-08
BBG000VMWHH5,2022-04-08,received_close,,WBD,2022-04-11
BBG000WCRGZ4,2016-04-27,last_close,BBG000WCRGZ4,TFM,2016-04-27
BBG0014FFY08,2023-10-05,last_close,BBG0014FFY08,HZNP,2023-10-05
BBG0014GG205,2019-01-31,last_close,BBG0014GG205,P,2019-01-31
BBG0014GG205,2019-01-31,received_close,BBG000BT0093,SIRI,2019-02-01
BBG0016WLQ18,2020-06-29,last_close,BBG0016WLQ18,GNC,2020-06-29
BBG0016WLQ18,2020-06-29,otc_print,BBG0016WLQ18,GNC,2020-06-30
BBG001BP9474,2019-01-11,last_close,BBG001BP9474,EGL,2019-01-11
BBG001BP9474,2019-01-11,received_close,BBG003BW05K6,SAIC,2019-01-14
BBG001BPFT54,2016-11-18,last_close,BBG001BPFT54,SCTY,2016-11-18
BBG001BPFT54,2016-11-18,received_close,BBG000N9MNX3,TSLA,2016-11-21
BBG001BPKGT0,2021-10-28,last_close,BBG001BPKGT0,MDLA,2021-10-28
BBG001C7TST4,2024-03-15,last_close,BBG001C7TST4,SPLK,2024-03-15
BBG001D8R8J8,2015-05-28,last_close,BBG001D8R8J8,XLS,2015-05-28
BBG001D8R8J8,2015-05-28,received_close,,HRS,2015-05-29
BBG001HRFJG4,2022-11-21,last_close,BBG001HRFJG4,ZEN,2022-11-21
BBG001J1C1L5,2015-12-07,last_close,BBG001J1C1L5,FSL,2015-12-07
BBG001J1C1L5,2015-12-07,received_close,,NXPI,2015-12-08
BBG001J1QN87,2023-11-07,last_close,BBG001J1QN87,ICPT,2023-11-07
BBG001J4BCN4,2023-02-27,last_close,BBG001J4BCN4,COUP,2023-02-27
BBG001J4J8T9,2021-10-29,last_close,BBG001J4J8T9,VER,2021-10-29
BBG001J4J8T9,2021-10-29,received_close,BBG000DHPN63,O,2021-11-01
BBG001KWG293,2021-06-15,last_close,BBG001KWG293,GRUB,2021-06-15
BBG001KWG293,2021-06-15,received_close,,NULL,2021-06-16
BBG001NFKJ68,2023-11-07,last_close,BBG001NFKJ68,NEWR,2023-11-07
BBG001NY45K9,2021-01-06,last_close,BBG001NY45K9,WPX,2021-01-06
BBG001NY45K9,2021-01-06,received_close,BBG000BBVJZ8,DVN,2021-01-07
BBG001P3K000,2020-12-14,last_close,BBG001P3K000,DNKN,2020-12-14
BBG001PJFKH9,2018-07-30,last_close,BBG001PJFKH9,NSM,2018-07-30
BBG001PJFKH9,2018-07-30,received_close,,WMIH,2018-07-31
BBG001YMS0B8,2015-07-02,last_close,BBG001YMS0B8,KRFT,2015-07-02
BBG001YMS0B8,2015-07-02,received_close,,KHC,2015-07-06
BBG001Z7M393,2015-09-30,last_close,BBG001Z7M393,ZU,2015-09-30
BBG001Z7M393,2015-09-30,received_close,,QVCA,2015-10-01
BBG0020B4JG7,2022-09-09,last_close,BBG0020B4JG7,MNDT,2022-09-09
BBG0022FMPD5,2024-07-01,last_close,BBG0022FMPD5,EVBG,2024-07-01
BBG0025X16Y5,2025-07-30,last_close,BBG0025X16Y5,SAGE,2025-07-30
BBG0025YWQ66,2021-01-13,last_close,BBG0025YWQ66,FIT,2021-01-13
BBG00265T6Q4,2023-02-02,last_close,BBG00265T6Q4,STOR,2023-02-02
BBG0026ZFZC4,2025-04-01,last_close,BBG0026ZFZC4,ITCI,2025-04-01
BBG0027Y18M0,2019-07-30,last_close,BBG0027Y18M0,WP,2019-07-30
BBG0027Y18M0,2019-07-30,received_close,BBG000BK2F42,FIS,2019-07-31
BBG0027Z6X10,2024-01-22,last_close,BBG0027Z6X10,SRC,2024-01-22
BBG0027Z6X10,2024-01-22,received_close,BBG000DHPN63,O,2024-01-23
BBG0029BK2G7,2019-07-31,last_close,BBG0029BK2G7,DATA,2019-07-31
BBG0029BK2G7,2019-07-31,received_close,BBG000BN2DC2,CRM,2019-08-01
BBG002BHBHM1,2020-10-12,last_close,BBG002BHBHM1,MNK,2020-10-12
BBG002BHBHM1,2020-10-12,otc_print,BBG002BHBHM1,MNK,2020-10-13
BBG002DZS299,2022-06-21,last_close,BBG002DZS299,PLAN,2022-06-21
BBG002PQMF02,2019-10-23,last_close,BBG002PQMF02,SHOS,2019-10-23
BBG002V098F7,2025-09-30,last_close,BBG002V098F7,COOP,2025-09-30
BBG002V098F7,2025-09-30,received_close,BBG00VY1MYW7,RKT,2025-10-01
BBG002WMH2F2,2022-10-11,last_close,BBG002WMH2F2,TMX,2022-10-11
BBG002WMH2F2,2022-10-11,received_close,,RTO,2022-10-12
BBG002ZM63J5,2020-03-06,last_close,BBG002ZM63J5,ZAYO,2020-03-06
BBG0033377Y3,2020-12-23,last_close,BBG0033377Y3,HDS,2020-12-23
BBG00341H6M0,2022-10-04,last_close,BBG00341H6M0,GBT,2022-10-04
BBG003444577,2014-12-12,last_close,BBG003444577,BKW,2014-12-12
BBG003444577,2014-12-12,received_close,BBG0076WG2V1,QSR,2014-12-15
BBG003641015,2016-04-29,last_close,BBG003641015,ADT,2016-04-29
BBG0038K9G41,2018-03-09,last_close,BBG0038K9G41,LVNTA,2018-03-09
BBG0038K9G41,2018-03-09,received_close,BBG00K7K2XZ0,GLIBA,2018-03-12
BBG0038V5TX1,2022-03-24,last_close,BBG0038V5TX1,CONE,2022-03-24
BBG003FHPBQ9,2016-12-01,last_close,BBG003FHPBQ9,EVHC,2016-12-01
BBG003FHPBQ9,2016-12-01,received_close,BBG000G0PPW3,AMSG,2016-12-02
BBG003PGJHP5,2026-07-23,last_close,BBG003PGJHP5,TMHC,2026-07-23
BBG003QPR8Z4,2018-10-25,last_close,BBG003QPR8Z4,PF,2018-10-25
BBG003QPR8Z4,2018-10-25,received_close,BBG000BDXGP9,CAG,2018-10-26
BBG003S44SC5,2019-09-18,last_close,BBG003S44SC5,TRCO,2019-09-18
BBG004DF9V32,2014-11-12,last_close,BBG004DF9V32,ATHL,2014-11-12
BBG004F0HL81,2017-06-27,last_close,BBG004F0HL81,CST,2017-06-27
BBG004K27P01,2026-07-13,last_close,BBG004K27P01,XPRO,2026-07-13
BBG004K27P01,2026-07-13,received_close,,XPRO,2026-07-14
BBG004M25Z09,2016-05-16,last_close,BBG004M25Z09,SSE,2016-05-16
BBG004M25Z09,2016-05-16,otc_print,BBG004M25Z09,SSE,2016-05-17
BBG004P33PN3,2026-04-30,last_close,BBG004P33PN3,CWENA,2026-04-30
BBG004S5X3Y9,2020-03-31,last_close,BBG004S5X3Y9,S,2020-03-31
BBG004S5X3Y9,2020-03-31,received_close,BBG000NDV1D4,TMUS,2020-04-01
BBG004T0YC41,2022-01-28,last_close,BBG004T0YC41,SC,2022-01-28
BBG004TPGBP5,2024-01-22,last_close,BBG004TPGBP5,MRTX,2024-01-22
BBG005485Y51,2021-12-07,last_close,BBG005485Y51,PPD,2021-12-07
BBG0055XMF02,2021-06-15,last_close,BBG0055XMF02,STAY,2021-06-15
BBG0057K5Y79,2019-05-22,last_close,BBG0057K5Y79,EPE,2019-05-22
BBG0057K5Y79,2019-05-22,otc_print,BBG0057K5Y79,EPE,2019-05-23
BBG0059KNH10,2022-09-30,last_close,BBG0059KNH10,CHNG,2022-09-30
BBG005CPNTS0,2021-04-14,last_close,BBG005CPNTS0,MIK,2021-04-14
BBG005D7PF34,2026-02-03,last_close,BBG005D7PF34,DAY,2026-02-03
BBG005DKMJ67,2023-10-27,last_close,BBG005DKMJ67,LTRPA,2023-10-27
BBG005DKMJ67,2023-10-27,otc_print,BBG005DKMJ67,LTRPA,2023-10-30
BBG005KSWVW5,2018-07-18,last_close,BBG005KSWVW5,RSPP,2018-07-18
BBG005KSWVW5,2018-07-18,received_close,BBG000R7RDB4,CXO,2018-07-19
BBG005L86G05,2026-07-24,last_close,BBG005L86G05,AVNS,2026-07-24
BBG005NTYL78,2018-03-05,last_close,BBG005NTYL78,JUNO,2018-03-05
BBG005PCN2G7,2017-01-10,last_close,BBG005PCN2G7,NSAM,2017-01-10
BBG005PCN2G7,2017-01-10,received_close,,CLNS,2017-01-11
BBG005Q2KYS8,2017-11-10,last_close,BBG005Q2KYS8,RICE,2017-11-10
BBG005Q2KYS8,2017-11-10,received_close,BBG000BHZ5J9,EQT,2017-11-13
BBG005SSN7D1,2016-09-30,last_close,BBG005SSN7D1,IMS,2016-09-30
BBG005SSN7D1,2016-09-30,received_close,,Q,2016-10-03
BBG005XR47P5,2024-12-17,last_close,BBG005XR47P5,CTLT,2024-12-17
BBG005XVXML5,2024-05-30,last_close,BBG005XVXML5,SWAV,2024-05-30
BBG005XZHR97,2023-11-29,last_close,BBG005XZHR97,VRTV,2023-11-29
BBG0060HN0R3,2016-02-22,last_close,BBG0060HN0R3,KING,2016-02-22
BBG00688QWF5,2016-06-02,last_close,BBG00688QWF5,BXLT,2016-06-02
BBG00688QWF5,2016-06-02,received_close,BBG000CCW058,SHPG,2016-06-03
BBG0069FL5L5,2016-09-15,last_close,BBG0069FL5L5,MRD,2016-09-15
BBG0069FL5L5,2016-09-15,received_close,,RRC,2016-09-16
BBG006B6PVN9,2022-07-05,last_close,BBG006B6PVN9,CDK,2022-07-05
BBG006BFYZP8,2021-01-12,last_close,BBG006BFYZP8,PE,2021-01-12
BBG006BFYZP8,2021-01-12,received_close,BBG000BXRPH1,PXD,2021-01-13
BBG006F8QZK4,2024-11-26,last_close,BBG006F8QZK4,VSTO,2024-11-26
BBG006G063F9,2022-02-25,last_close,BBG006G063F9,INFO,2022-02-25
BBG006G063F9,2022-02-25,received_close,BBG000BP1Q11,SPGI,2022-02-28
BBG006GNRZ83,2026-08-19,last_close,BBG006GNRZ83,LBRDA,2026-08-19
BBG006GNRZ83,2026-08-19,received_close,BBG000VPGNR2,CHTR,2026-08-20
BBG006GNSZW5,2026-08-19,last_close,BBG006GNSZW5,LBRDK,2026-08-19
BBG006GNSZW5,2026-08-19,received_close,BBG000VPGNR2,CHTR,2026-08-20
BBG006KY8KV2,2020-07-30,last_close,BBG006KY8KV2,TERP,2020-07-30
BBG006KY8KV2,2020-07-30,received_close,,BEP,2020-07-31
BBG006MG2D41,2018-10-08,last_close,BBG006MG2D41,KLXI,2018-10-08
BBG006Q53H50,2017-11-21,last_close,BBG006Q53H50,VWR,2017-11-21
BBG006QRCDZ8,2017-01-10,last_close,BBG006QRCDZ8,NRF,2017-01-10
BBG006QRCDZ8,2017-01-10,received_close,,CLNS,2017-01-11
BBG006XVD9G0,2019-11-19,last_close,BBG006XVD9G0,GCI,2019-11-19
BBG007387YL8,2021-06-30,last_close,BBG007387YL8,PRAH,2021-06-30
BBG007387YL8,2021-06-30,received_close,,ICLR,2021-07-01
BBG0073X4TB8,2020-10-29,last_close,BBG0073X4TB8,LVGO,2020-10-29
BBG0073X4TB8,2020-10-29,received_close,BBG0019T5SG0,TDOC,2020-10-30
BBG0074B4RJ1,2020-06-24,last_close,BBG0074B4RJ1,XOG,2020-06-24
BBG0074B4RJ1,2020-06-24,otc_print,BBG0074B4RJ1,XOG,2020-06-25
BBG0077VS2C0,2026-06-30,last_close,BBG0077VS2C0,BLD,2026-06-30
BBG0077VS2C0,2026-06-30,received_close,,QXO,2026-07-01
BBG0077WYXF0,2016-06-30,last_close,BBG0077WYXF0,CPGX,2016-06-30
BBG0078Y1D92,2023-09-27,last_close,BBG0078Y1D92,SYNH,2023-09-27
BBG007FH8JX4,2024-10-03,last_close,BBG007FH8JX4,EVA,2024-10-03
BBG007FH8JX4,2024-10-03,otc_print,BBG007FH8JX4,EVA,2024-10-04
BBG007FL7ZD2,2022-04-04,last_close,BBG007FL7ZD2,FLOW,2022-04-04
BBG007G7V505,2021-07-20,last_close,BBG007G7V505,WORK,2021-07-20
BBG007G7V505,2021-07-20,received_close,BBG000BN2DC2,CRM,2021-07-21
BBG007HWGYQ5,2026-03-16,last_close,BBG007HWGYQ5,CFLT,2026-03-16
BBG007KGRPY4,2026-05-13,last_close,BBG007KGRPY4,APLS,2026-05-13
BBG007PZ2T21,2025-02-26,last_close,BBG007PZ2T21,HCP,2025-02-26
BBG007TJX8V3,2021-11-23,last_close,BBG007TJX8V3,INOV,2021-11-23
BBG0081JXTR0,2022-07-28,last_close,BBG0081JXTR0,WBT,2022-07-28
BBG008417VN4,2026-07-21,last_close,BBG008417VN4,NSA,2026-07-21
BBG008417VN4,2026-07-21,received_close,BBG000BPPN67,PSA,2026-07-22
BBG00873RM91,2019-09-27,last_close,BBG00873RM91,NRE,2019-09-27
BBG0088CYPX8,2022-10-11,last_close,BBG0088CYPX8,NLSN,2022-10-11
BBG008FCJZ83,2019-03-27,last_close,BBG008FCJZ83,STE,2019-03-27
BBG008FCJZ83,2019-03-27,received_close,,STE,2019-03-28
BBG008G5SGL4,2017-08-16,last_close,BBG008G5SGL4,CCP,2017-08-16
BBG008G5SGL4,2017-08-16,received_close,BBG000MTDW24,SBRA,2017-08-17
BBG008S3V4G5,2018-04-03,last_close,BBG008S3V4G5,CSRA,2018-04-03
BBG00928YVY7,2019-04-03,last_close,BBG00928YVY7,ARRS,2019-04-03
BBG009CWL262,2018-04-24,last_close,BBG009CWL262,BUFF,2018-04-24
BBG009NMJJJ4,2019-07-26,last_close,BBG009NMJJJ4,FDC,2019-07-26
BBG009NMJJJ4,2019-07-26,received_close,BBG000BJKPG0,FISV,2019-07-29
BBG009R0CVG1,2019-12-27,last_close,BBG009R0CVG1,LKSD,2019-12-27
BBG009R0CVG1,2019-12-27,otc_print,BBG009R0CVG1,LKSD,2019-12-30
BBG009WMBWP6,2018-12-07,last_close,BBG009WMBWP6,FCEA,2018-12-07
BBG00B6WH9G3,2020-06-30,last_close,BBG00B6WH9G3,MTCH,2020-06-30
BBG00B6WH9G3,2020-06-30,received_close,BBG00VT0KNC3,MTCH,2020-07-01
BBG00B8NWRF5,2024-12-20,last_close,BBG00B8NWRF5,AGR,2024-12-20
BBG00BBHBMF8,2019-10-04,last_close,BBG00BBHBMF8,VSM,2019-10-04
BBG00BFHKT14,2018-05-18,last_close,BBG00BFHKT14,CHUBA,2018-05-18
BBG00BFHL5F0,2019-07-26,last_close,BBG00BFHL5F0,LEXEA,2019-07-26
BBG00BFHL5F0,2019-07-26,received_close,BBG000QY3XZ2,EXPE,2019-07-29
BBG00CTY3QD2,2018-03-08,last_close,BBG00CTY3QD2,BIVV,2018-03-08
BBG00CW127X1,2018-07-26,last_close,BBG00CW127X1,QCP,2018-07-26
BBG00CW2JCN1,2021-12-31,last_close,BBG00CW2JCN1,ATH,2021-12-31
BBG00CW2JCN1,2021-12-31,received_close,BBG001LRKS55,APO,2022-01-03
BBG00D1WHZD9,2020-10-29,last_close,BBG00D1WHZD9,HTZ,2020-10-29
BBG00D1WHZD9,2020-10-29,otc_print,BBG00D1WHZD9,HTZ,2020-10-30
BBG00D3CHRC0,2018-10-10,last_close,BBG00D3CHRC0,EVHC,2018-10-10
BBG00D7BRGD0,2018-05-18,last_close,BBG00D7BRGD0,CHUBK,2018-05-18
BBG00DBBG1M0,2018-09-11,last_close,BBG00DBBG1M0,XL,2018-09-11
BBG00FFJY867,2025-05-06,last_close,BBG00FFJY867,LGFB,2025-05-06
BBG00GBV88T6,2016-04-12,last_close,BBG00GBV88T6,BTU,2016-04-12
BBG00GBV88T6,2016-04-12,otc_print,BBG00GBV88T6,BTU,2016-04-13
BBG00GLNJ018,2026-01-29,last_close,BBG00GLNJ018,CIVI,2026-01-29
BBG00GLNJ018,2026-01-29,received_close,BBG000BFV115,SM,2026-01-30
BBG00GQK3WB5,2025-01-21,last_close,BBG00GQK3WB5,SMAR,2025-01-21
BBG00GSNPM07,2026-06-30,last_close,BBG00GSNPM07,JHG,2026-06-30
BBG00GTWPCQ0,2020-10-01,last_close,BBG00GTWPCQ0,DLPH,2020-10-01
BBG00GTWPCQ0,2020-10-01,received_close,BBG000BJ49H3,BWA,2020-10-02
BBG00GX77LW3,2023-09-01,last_close,BBG00GX77LW3,BKI,2023-09-01
BBG00GX77LW3,2023-09-01,received_close,,ICE,2023-09-05
BBG00HJ8K617,2023-09-29,last_close,BBG00HJ8K617,CELL,2023-09-29
BBG00HPDM5Z2,2022-12-05,last_close,BBG00HPDM5Z2,SWCH,2022-12-05
BBG00HS2GVL8,2026-03-12,last_close,BBG00HS2GVL8,ALEX,2026-03-12
BBG00HY28P97,2020-09-18,last_close,BBG00HY28P97,GTX,2020-09-18
BBG00HY28P97,2020-09-18,otc_print,BBG00HY28P97,GTX,2020-09-21
BBG00JH9TZ56,2025-07-15,last_close,BBG00JH9TZ56,CHX,2025-07-15
BBG00JH9TZ56,2025-07-15,received_close,BBG000BT41Q8,SLB,2025-07-16
BBG00K53L394,2024-07-19,last_close,BBG00K53L394,ETRN,2024-07-19
BBG00K53L394,2024-07-19,received_close,BBG000BHZ5J9,EQT,2024-07-22
BBG00K7K2XZ0,2020-12-18,last_close,BBG00K7K2XZ0,GLIBA,2020-12-18
BBG00K7K2XZ0,2020-12-18,received_close,,LBRDA,2020-12-21
BBG00K7ZQ662,2023-03-20,last_close,BBG00K7ZQ662,IAA,2023-03-20
BBG00K7ZQ662,2023-03-20,received_close,BBG000C1DF05,RBA,2023-03-21
BBG00KMYC574,2021-04-05,last_close,BBG00KMYC574,PS,2021-04-05
BBG00KR691K8,2022-10-12,last_close,BBG00KR691K8,CVET,2022-10-12
BBG00LT2PDY4,2021-07-26,last_close,BBG00LT2PDY4,BPYU,2021-07-26
BBG00M1CKSK7,2025-04-15,last_close,BBG00M1CKSK7,SWI,2025-04-15
BBG00NN875G0,2024-03-15,last_close,BBG00NN875G0,KRTX,2024-03-15
BBG00PPWYWJ8,2023-03-29,last_close,BBG00PPWYWJ8,DCT,2023-03-29
BBG00RPJPN67,2025-06-30,last_close,BBG00RPJPN67,AZEK,2025-06-30
BBG00RPJPN67,2025-06-30,received_close,,JHX,2025-07-01
BBG00RQ70GQ2,2022-05-24,last_close,BBG00RQ70GQ2,ANAT,2022-05-24
BBG00RRH0RM9,2020-02-28,last_close,BBG00RRH0RM9,GDI,2020-02-28
BBG00VCYVLH4,2024-07-31,last_close,BBG00VCYVLH4,CERE,2024-07-31
BBG00VCZX9Z6,2025-08-25,last_close,BBG00VCZX9Z6,DNB,2025-08-25
BBG00VSYYVB8,2026-01-29,last_close,BBG00VSYYVB8,JAMF,2026-01-29
BBG00W0L8GW3,2023-05-01,last_close,BBG00W0L8GW3,OSH,2023-05-01
BBG00W7FH7G7,2023-11-03,last_close,BBG00W7FH7G7,WE,2023-11-03
BBG00W7FH7G7,2023-11-03,otc_print,BBG00W7FH7G7,WE,2023-11-06
BBG00W9LXXJ4,2026-01-05,last_close,BBG00W9LXXJ4,CVAC,2026-01-05
BBG00XK3WVD0,2024-06-27,last_close,BBG00XK3WVD0,AIRC,2024-06-27
BBG00XNR7VZ8,2022-02-28,last_close,BBG00XNR7VZ8,MCFE,2022-02-28
BBG00XP8FYQ3,2022-06-22,last_close,BBG00XP8FYQ3,MSP,2022-06-22
BBG00YZ6J994,2023-03-28,last_close,BBG00YZ6J994,SGFY,2023-03-28
BBG00Z6DX554,2020-06-26,last_close,BBG00Z6DX554,CHK,2020-06-26
BBG00Z6DX554,2020-06-26,otc_print,BBG00Z6DX554,CHK,2020-06-29
BBG00ZNSSKP3,2025-11-21,last_close,BBG00ZNSSKP3,VMEO,2025-11-21
BBG00ZSDS6T8,2024-02-06,last_close,BBG00ZSDS6T8,TSP,2024-02-06
BBG00ZSDS6T8,2024-02-06,otc_print,BBG00ZSDS6T8,TSP,2024-02-07
BBG010FNXMC3,2025-04-11,last_close,BBG010FNXMC3,PYCR,2025-04-11
BBG010MVVVW7,2026-01-16,last_close,BBG010MVVVW7,FYBR,2026-01-16
BBG011FS2K38,2026-05-18,last_close,BBG011FS2K38,MCW,2026-05-18
BBG01282Z1Y3,2024-11-12,last_close,BBG01282Z1Y3,TWKS,2024-11-12
BBG012BV9SK0,2026-07-06,last_close,BBG012BV9SK0,OLPX,2026-07-06
BBG012QVD574,2023-03-20,last_close,BBG012QVD574,LYLT,2023-03-20
BBG012QVD574,2023-03-20,otc_print,BBG012QVD574,LYLT,2023-03-21
BBG012THM3Q6,2025-11-17,last_close,BBG012THM3Q6,INFA,2025-11-17
BBG014QJ5BV6,2026-05-14,last_close,BBG014QJ5BV6,EHAB,2026-05-14
BBG017J18W74,2025-03-11,last_close,BBG017J18W74,AZPN,2025-03-11
BBG018CYVVW5,2025-09-25,last_close,BBG018CYVVW5,KLG,2025-09-25
BBG018CZLZ09,2024-11-18,last_close,BBG018CZLZ09,RCM,2024-11-18
BBG01HLM8W28,2024-09-09,last_close,BBG01HLM8W28,LSXMA,2024-09-09
CIK1011006-COMMON,2017-06-16,last_close,CIK1011006-COMMON,AABA,2017-06-16
CIK1038914-COMMON,2007-11-26,last_close,CIK1038914-COMMON,GSF,2007-11-26
CIK1038914-COMMON,2007-11-26,received_close,,RIG,2007-11-27
CIK104207-COMMON,2014-12-30,last_close,CIK104207-COMMON,WAG,2014-12-30
CIK104889-COMMON,2013-11-27,last_close,CIK104889-COMMON,WPO,2013-11-27
CIK1052045-COMMON,2007-07-24,last_close,CIK1052045-COMMON,SVM,2007-07-24
CIK1074771-COMMON,2007-07-24,last_close,CIK1074771-COMMON,TRI,2007-07-24
CIK1116521-COMMON,2007-10-25,last_close,CIK1116521-COMMON,AV,2007-10-25
CIK1124887-COMMON,2007-11-08,last_close,CIK1124887-COMMON,CEN,2007-11-08
CIK1156826-COMMON,2007-10-05,last_close,CIK1156826-COMMON,ASN,2007-10-05
CIK1166126-COMMON,2020-05-18,last_close,CIK1166126-COMMON,JCP,2020-05-18
CIK1166126-COMMON,2020-05-18,otc_print,CIK1166126-COMMON,JCP,2020-05-19
CIK1363851-COMMON,2012-07-10,last_close,CIK1363851-COMMON,SXCI,2012-07-10
CIK230463-COMMON,2007-11-06,last_close,CIK230463-COMMON,PPP,2007-11-06
CIK230463-COMMON,2007-11-06,received_close,,PXP,2007-11-07
CIK352363-COMMON,2014-02-25,last_close,CIK352363-COMMON,FNP,2014-02-25
CIK38079-COMMON,2014-12-15,last_close,CIK38079-COMMON,FST,2014-12-15
CIK47580-COMMON,2007-10-24,last_close,CIK47580-COMMON,HLT,2007-10-24
CIK48898-CLASS-B,2015-12-23,last_close,CIK48898-CLASS-B,HUB-B,2015-12-23
CIK65873-COMMON,2007-11-16,last_close,CIK65873-COMMON,AT,2007-11-16
CIK716006-COMMON,2021-02-05,last_close,CIK716006-COMMON,YRCW,2021-02-05
CIK718482-COMMON,2007-09-28,last_close,CIK718482-COMMON,AGE,2007-09-28
CIK718482-COMMON,2007-09-28,received_close,BBG000FRBSS9,WB,2007-10-01
CIK730464-COMMON,2017-05-23,last_close,CIK730464-COMMON,DV,2017-05-23
CIK737874-COMMON,2007-09-28,last_close,CIK737874-COMMON,LI,2007-09-28
CIK804055-COMMON,2010-10-01,last_close,CIK804055-COMMON,CCE,2010-10-01
CIK804055-COMMON,2010-10-01,received_close,,KO,2010-10-04
CIK835541-COMMON,2007-10-01,last_close,CIK835541-COMMON,SLR,2007-10-01
CIK835541-COMMON,2007-10-01,received_close,,FLEX,2007-10-02
CIK836102-COMMON,2008-06-05,last_close,CIK836102-COMMON,ASD,2008-06-05
CIK836102-COMMON,2008-06-05,received_close,,IR,2008-06-06
CIK845752-COMMON,2007-07-31,last_close,CIK845752-COMMON,AH,2007-07-31
CIK886835-COMMON,2020-09-17,last_close,CIK886835-COMMON,SPNV,2020-09-17
CIK886835-COMMON,2020-09-17,otc_print,CIK886835-COMMON,SPNV,2020-09-18
CIK898660-COMMON,2007-11-07,last_close,CIK898660-COMMON,STN,2007-11-07
CIK96289-COMMON,2015-02-02,last_close,CIK96289-COMMON,RSH,2015-02-02
CIK96289-COMMON,2015-02-02,otc_print,CIK96289-COMMON,RSH,2015-02-03
