case_id,leg,ratio,price_sec_id,price_ticker,price_date
BBG003P9ZSL3_2016-04-28,1,1.0,BBG00BFHD827,LSXMA,
BBG003P9ZSL3_2016-04-28,2,0.1,*,BATRA,
BBG003P9ZSL3_2016-04-28,3,0.25,BBG00BFHDCV6,LMCA,
BBG005SW6TK5_2016-04-28,1,1,BBG00BFHD9S7,LSXMK,
BBG005SW6TK5_2016-04-28,2,0.1,*,BATRK,
BBG005SW6TK5_2016-04-28,3,0.25,BBG00BFHDFR4,LMCK,
BBG006F8QZK4_2024-12-07,1,1.0,*,GEAR,2024-11-27
BBG00BFHD827_2023-08-13,1,1,BBG01HLM8W28,LSXMA,
BBG00BFHD827_2023-08-13,2,0.25,*,LLYVA,
BBG00BFHD9S7_2023-08-13,1,1,BBG01HLMB6H5,LSXMK,
BBG00BFHD9S7_2023-08-13,2,0.25,*,LLYVK,
BBG00BFHDCV6_2023-08-13,1,1,BBG01HLMB809,FWONA,
BBG00BFHDCV6_2023-08-13,2,0.0428,*,LLYVA,
BBG00BFHDFR4_2023-08-13,1,1,BBG01HLMBCG3,FWONK,
BBG00BFHDFR4_2023-08-13,2,0.0428,*,LLYVK,
BBG00FFJY867_2025-05-17,1,1,*,LION,2025-05-07
BBG00FFJY867_2025-05-17,2,0.0666667,*,STRZ,2025-05-07
BBG00LT2PDY4_2021-08-05,1,0.0913,*,BAM,2021-07-27
BBG00LT2PDY4_2021-08-05,2,0.0657,*,*,2021-07-27
CIK891103-COMMON_2014-06-30,1,1.0,BBG00S1LR2C3,IAC,2020-07-01
CIK891103-COMMON_2014-06-30,2,2.1584,BBG00VT0KNC3,MTCH,2020-07-01
