case_id,field,old,new,reason,report
BBG000BLH3P8_2023-06-20,shape,no_ending,ending_moved,operator ruling 2026-10-03 (5a pre-check): the line has a later Form 25 in the cached filings,docs/superpowers/plans/research/2026-10-03-5a-line-continuity.md
BBG000BLH3P8_2023-06-20,exit_kind,,*,operator ruling 2026-10-03 (5a pre-check): the later ending's fields are left to later sub-plans,docs/superpowers/plans/research/2026-10-03-5a-line-continuity.md
BBG000BLH3P8_2023-06-20,drop_reason,,*,operator ruling 2026-10-03 (5a pre-check): the later ending's fields are left to later sub-plans,docs/superpowers/plans/research/2026-10-03-5a-line-continuity.md
BBG000BLH3P8_2023-06-20,continuation,,*,operator ruling 2026-10-03 (5a pre-check): the later ending's fields are left to later sub-plans,docs/superpowers/plans/research/2026-10-03-5a-line-continuity.md
BBG000BLH3P8_2023-06-20,successor_sec_id,,*,operator ruling 2026-10-03 (5a pre-check): the later ending's fields are left to later sub-plans,docs/superpowers/plans/research/2026-10-03-5a-line-continuity.md
BBG000BLH3P8_2023-06-20,last_trade_date,,*,operator ruling 2026-10-03 (5a pre-check): the later ending's fields are left to later sub-plans,docs/superpowers/plans/research/2026-10-03-5a-line-continuity.md
BBG000BLH3P8_2023-06-20,value_rule,,*,operator ruling 2026-10-03 (5a pre-check): the later ending's fields are left to later sub-plans,docs/superpowers/plans/research/2026-10-03-5a-line-continuity.md
BBG000BLH3P8_2023-06-20,cash_per_share,,*,operator ruling 2026-10-03 (5a pre-check): the later ending's fields are left to later sub-plans,docs/superpowers/plans/research/2026-10-03-5a-line-continuity.md
BBG000BLH3P8_2023-06-20,cash_currency,,*,operator ruling 2026-10-03 (5a pre-check): the later ending's fields are left to later sub-plans,docs/superpowers/plans/research/2026-10-03-5a-line-continuity.md
BBG000BLH3P8_2023-06-20,stock_ratio,,*,operator ruling 2026-10-03 (5a pre-check): the later ending's fields are left to later sub-plans,docs/superpowers/plans/research/2026-10-03-5a-line-continuity.md
BBG000BLH3P8_2023-06-20,price_sec_id,,*,operator ruling 2026-10-03 (5a pre-check): the later ending's fields are left to later sub-plans,docs/superpowers/plans/research/2026-10-03-5a-line-continuity.md
BBG000BLH3P8_2023-06-20,price_ticker,,*,operator ruling 2026-10-03 (5a pre-check): the later ending's fields are left to later sub-plans,docs/superpowers/plans/research/2026-10-03-5a-line-continuity.md
BBG000BLH3P8_2023-06-20,price_date,,*,operator ruling 2026-10-03 (5a pre-check): the later ending's fields are left to later sub-plans,docs/superpowers/plans/research/2026-10-03-5a-line-continuity.md
BBG000BLH3P8_2023-06-20,recovery_ratio,,*,operator ruling 2026-10-03 (5a pre-check): the later ending's fields are left to later sub-plans,docs/superpowers/plans/research/2026-10-03-5a-line-continuity.md
BBG000CL1HL7_2021-12-10,shape,no_ending,ending_moved,operator ruling 2026-10-03 (5a pre-check): the line has a later Form 25 in the cached filings,docs/superpowers/plans/research/2026-10-03-5a-line-continuity.md
BBG000CL1HL7_2021-12-10,exit_kind,,*,operator ruling 2026-10-03 (5a pre-check): the later ending's fields are left to later sub-plans,docs/superpowers/plans/research/2026-10-03-5a-line-continuity.md
BBG000CL1HL7_2021-12-10,drop_reason,,*,operator ruling 2026-10-03 (5a pre-check): the later ending's fields are left to later sub-plans,docs/superpowers/plans/research/2026-10-03-5a-line-continuity.md
BBG000CL1HL7_2021-12-10,continuation,,*,operator ruling 2026-10-03 (5a pre-check): the later ending's fields are left to later sub-plans,docs/superpowers/plans/research/2026-10-03-5a-line-continuity.md
BBG000CL1HL7_2021-12-10,successor_sec_id,,*,operator ruling 2026-10-03 (5a pre-check): the later ending's fields are left to later sub-plans,docs/superpowers/plans/research/2026-10-03-5a-line-continuity.md
BBG000CL1HL7_2021-12-10,last_trade_date,,*,operator ruling 2026-10-03 (5a pre-check): the later ending's fields are left to later sub-plans,docs/superpowers/plans/research/2026-10-03-5a-line-continuity.md
BBG000CL1HL7_2021-12-10,value_rule,,*,operator ruling 2026-10-03 (5a pre-check): the later ending's fields are left to later sub-plans,docs/superpowers/plans/research/2026-10-03-5a-line-continuity.md
BBG000CL1HL7_2021-12-10,cash_per_share,,*,operator ruling 2026-10-03 (5a pre-check): the later ending's fields are left to later sub-plans,docs/superpowers/plans/research/2026-10-03-5a-line-continuity.md
BBG000CL1HL7_2021-12-10,cash_currency,,*,operator ruling 2026-10-03 (5a pre-check): the later ending's fields are left to later sub-plans,docs/superpowers/plans/research/2026-10-03-5a-line-continuity.md
BBG000CL1HL7_2021-12-10,stock_ratio,,*,operator ruling 2026-10-03 (5a pre-check): the later ending's fields are left to later sub-plans,docs/superpowers/plans/research/2026-10-03-5a-line-continuity.md
BBG000CL1HL7_2021-12-10,price_sec_id,,*,operator ruling 2026-10-03 (5a pre-check): the later ending's fields are left to later sub-plans,docs/superpowers/plans/research/2026-10-03-5a-line-continuity.md
BBG000CL1HL7_2021-12-10,price_ticker,,*,operator ruling 2026-10-03 (5a pre-check): the later ending's fields are left to later sub-plans,docs/superpowers/plans/research/2026-10-03-5a-line-continuity.md
BBG000CL1HL7_2021-12-10,price_date,,*,operator ruling 2026-10-03 (5a pre-check): the later ending's fields are left to later sub-plans,docs/superpowers/plans/research/2026-10-03-5a-line-continuity.md
BBG000CL1HL7_2021-12-10,recovery_ratio,,*,operator ruling 2026-10-03 (5a pre-check): the later ending's fields are left to later sub-plans,docs/superpowers/plans/research/2026-10-03-5a-line-continuity.md
BBG000DZCFX4_2020-06-02,shape,no_ending,ending_moved,operator ruling 2026-10-03 (5a pre-check): the line has a later Form 25 in the cached filings,docs/superpowers/plans/research/2026-10-03-5a-line-continuity.md
BBG000DZCFX4_2020-06-02,exit_kind,,*,operator ruling 2026-10-03 (5a pre-check): the later ending's fields are left to later sub-plans,docs/superpowers/plans/research/2026-10-03-5a-line-continuity.md
BBG000DZCFX4_2020-06-02,drop_reason,,*,operator ruling 2026-10-03 (5a pre-check): the later ending's fields are left to later sub-plans,docs/superpowers/plans/research/2026-10-03-5a-line-continuity.md
BBG000DZCFX4_2020-06-02,continuation,,*,operator ruling 2026-10-03 (5a pre-check): the later ending's fields are left to later sub-plans,docs/superpowers/plans/research/2026-10-03-5a-line-continuity.md
BBG000DZCFX4_2020-06-02,successor_sec_id,,*,operator ruling 2026-10-03 (5a pre-check): the later ending's fields are left to later sub-plans,docs/superpowers/plans/research/2026-10-03-5a-line-continuity.md
BBG000DZCFX4_2020-06-02,last_trade_date,,*,operator ruling 2026-10-03 (5a pre-check): the later ending's fields are left to later sub-plans,docs/superpowers/plans/research/2026-10-03-5a-line-continuity.md
BBG000DZCFX4_2020-06-02,value_rule,,*,operator ruling 2026-10-03 (5a pre-check): the later ending's fields are left to later sub-plans,docs/superpowers/plans/research/2026-10-03-5a-line-continuity.md
BBG000DZCFX4_2020-06-02,cash_per_share,,*,operator ruling 2026-10-03 (5a pre-check): the later ending's fields are left to later sub-plans,docs/superpowers/plans/research/2026-10-03-5a-line-continuity.md
BBG000DZCFX4_2020-06-02,cash_currency,,*,operator ruling 2026-10-03 (5a pre-check): the later ending's fields are left to later sub-plans,docs/superpowers/plans/research/2026-10-03-5a-line-continuity.md
BBG000DZCFX4_2020-06-02,stock_ratio,,*,operator ruling 2026-10-03 (5a pre-check): the later ending's fields are left to later sub-plans,docs/superpowers/plans/research/2026-10-03-5a-line-continuity.md
BBG000DZCFX4_2020-06-02,price_sec_id,,*,operator ruling 2026-10-03 (5a pre-check): the later ending's fields are left to later sub-plans,docs/superpowers/plans/research/2026-10-03-5a-line-continuity.md
BBG000DZCFX4_2020-06-02,price_ticker,,*,operator ruling 2026-10-03 (5a pre-check): the later ending's fields are left to later sub-plans,docs/superpowers/plans/research/2026-10-03-5a-line-continuity.md
BBG000DZCFX4_2020-06-02,price_date,,*,operator ruling 2026-10-03 (5a pre-check): the later ending's fields are left to later sub-plans,docs/superpowers/plans/research/2026-10-03-5a-line-continuity.md
BBG000DZCFX4_2020-06-02,recovery_ratio,,*,operator ruling 2026-10-03 (5a pre-check): the later ending's fields are left to later sub-plans,docs/superpowers/plans/research/2026-10-03-5a-line-continuity.md
BBG000J453J8_2019-05-12,last_trade_date,,2019-05-01,operator ruling 2026-10-03 (5a pre-check): the Form 25 EX-99.25 notice gives 2019-05-01 (publishable),docs/superpowers/plans/research/2026-10-03-5a-line-continuity.md
BBG000J453J8_2019-05-12,internal_last_trade_date,,2019-05-01,operator ruling 2026-10-03 (5a pre-check): same,docs/superpowers/plans/research/2026-10-03-5a-line-continuity.md
BBG000Q02P20_2011-11-14,shape,no_ending,ending_moved,operator ruling 2026-10-03 (5a pre-check): the line has a later Form 25 in the cached filings,docs/superpowers/plans/research/2026-10-03-5a-line-continuity.md
BBG000Q02P20_2011-11-14,exit_kind,,*,operator ruling 2026-10-03 (5a pre-check): the later ending's fields are left to later sub-plans,docs/superpowers/plans/research/2026-10-03-5a-line-continuity.md
BBG000Q02P20_2011-11-14,drop_reason,,*,operator ruling 2026-10-03 (5a pre-check): the later ending's fields are left to later sub-plans,docs/superpowers/plans/research/2026-10-03-5a-line-continuity.md
BBG000Q02P20_2011-11-14,continuation,,*,operator ruling 2026-10-03 (5a pre-check): the later ending's fields are left to later sub-plans,docs/superpowers/plans/research/2026-10-03-5a-line-continuity.md
BBG000Q02P20_2011-11-14,successor_sec_id,,*,operator ruling 2026-10-03 (5a pre-check): the later ending's fields are left to later sub-plans,docs/superpowers/plans/research/2026-10-03-5a-line-continuity.md
BBG000Q02P20_2011-11-14,last_trade_date,,*,operator ruling 2026-10-03 (5a pre-check): the later ending's fields are left to later sub-plans,docs/superpowers/plans/research/2026-10-03-5a-line-continuity.md
BBG000Q02P20_2011-11-14,value_rule,,*,operator ruling 2026-10-03 (5a pre-check): the later ending's fields are left to later sub-plans,docs/superpowers/plans/research/2026-10-03-5a-line-continuity.md
BBG000Q02P20_2011-11-14,cash_per_share,,*,operator ruling 2026-10-03 (5a pre-check): the later ending's fields are left to later sub-plans,docs/superpowers/plans/research/2026-10-03-5a-line-continuity.md
BBG000Q02P20_2011-11-14,cash_currency,,*,operator ruling 2026-10-03 (5a pre-check): the later ending's fields are left to later sub-plans,docs/superpowers/plans/research/2026-10-03-5a-line-continuity.md
BBG000Q02P20_2011-11-14,stock_ratio,,*,operator ruling 2026-10-03 (5a pre-check): the later ending's fields are left to later sub-plans,docs/superpowers/plans/research/2026-10-03-5a-line-continuity.md
BBG000Q02P20_2011-11-14,price_sec_id,,*,operator ruling 2026-10-03 (5a pre-check): the later ending's fields are left to later sub-plans,docs/superpowers/plans/research/2026-10-03-5a-line-continuity.md
BBG000Q02P20_2011-11-14,price_ticker,,*,operator ruling 2026-10-03 (5a pre-check): the later ending's fields are left to later sub-plans,docs/superpowers/plans/research/2026-10-03-5a-line-continuity.md
BBG000Q02P20_2011-11-14,price_date,,*,operator ruling 2026-10-03 (5a pre-check): the later ending's fields are left to later sub-plans,docs/superpowers/plans/research/2026-10-03-5a-line-continuity.md
BBG000Q02P20_2011-11-14,recovery_ratio,,*,operator ruling 2026-10-03 (5a pre-check): the later ending's fields are left to later sub-plans,docs/superpowers/plans/research/2026-10-03-5a-line-continuity.md
BBG001D9S707_2010-05-25,last_trade_date,2012-07-05,,operator ruling 2026-10-03 (5a pre-check): 2012-07-05 belonged to the other line's bankruptcy (truth-build defect),docs/superpowers/plans/research/2026-10-03-5a-line-continuity.md
BBG001D9S707_2010-05-25,internal_last_trade_date,2012-07-05,2010-05-25,operator ruling 2026-10-03 (5a pre-check): the 2010 reverse split's last trade of the old CUSIP,docs/superpowers/plans/research/2026-10-03-5a-line-continuity.md
BBG005PWSVQ3_2016-08-31,shape,no_ending,ending_moved,operator ruling 2026-10-03 (5a pre-check): the line has a later Form 25 in the cached filings,docs/superpowers/plans/research/2026-10-03-5a-line-continuity.md
BBG005PWSVQ3_2016-08-31,exit_kind,,*,operator ruling 2026-10-03 (5a pre-check): the later ending's fields are left to later sub-plans,docs/superpowers/plans/research/2026-10-03-5a-line-continuity.md
BBG005PWSVQ3_2016-08-31,drop_reason,,*,operator ruling 2026-10-03 (5a pre-check): the later ending's fields are left to later sub-plans,docs/superpowers/plans/research/2026-10-03-5a-line-continuity.md
BBG005PWSVQ3_2016-08-31,continuation,,*,operator ruling 2026-10-03 (5a pre-check): the later ending's fields are left to later sub-plans,docs/superpowers/plans/research/2026-10-03-5a-line-continuity.md
BBG005PWSVQ3_2016-08-31,successor_sec_id,,*,operator ruling 2026-10-03 (5a pre-check): the later ending's fields are left to later sub-plans,docs/superpowers/plans/research/2026-10-03-5a-line-continuity.md
BBG005PWSVQ3_2016-08-31,last_trade_date,,*,operator ruling 2026-10-03 (5a pre-check): the later ending's fields are left to later sub-plans,docs/superpowers/plans/research/2026-10-03-5a-line-continuity.md
BBG005PWSVQ3_2016-08-31,value_rule,,*,operator ruling 2026-10-03 (5a pre-check): the later ending's fields are left to later sub-plans,docs/superpowers/plans/research/2026-10-03-5a-line-continuity.md
BBG005PWSVQ3_2016-08-31,cash_per_share,,*,operator ruling 2026-10-03 (5a pre-check): the later ending's fields are left to later sub-plans,docs/superpowers/plans/research/2026-10-03-5a-line-continuity.md
BBG005PWSVQ3_2016-08-31,cash_currency,,*,operator ruling 2026-10-03 (5a pre-check): the later ending's fields are left to later sub-plans,docs/superpowers/plans/research/2026-10-03-5a-line-continuity.md
BBG005PWSVQ3_2016-08-31,stock_ratio,,*,operator ruling 2026-10-03 (5a pre-check): the later ending's fields are left to later sub-plans,docs/superpowers/plans/research/2026-10-03-5a-line-continuity.md
BBG005PWSVQ3_2016-08-31,price_sec_id,,*,operator ruling 2026-10-03 (5a pre-check): the later ending's fields are left to later sub-plans,docs/superpowers/plans/research/2026-10-03-5a-line-continuity.md
BBG005PWSVQ3_2016-08-31,price_ticker,,*,operator ruling 2026-10-03 (5a pre-check): the later ending's fields are left to later sub-plans,docs/superpowers/plans/research/2026-10-03-5a-line-continuity.md
BBG005PWSVQ3_2016-08-31,price_date,,*,operator ruling 2026-10-03 (5a pre-check): the later ending's fields are left to later sub-plans,docs/superpowers/plans/research/2026-10-03-5a-line-continuity.md
BBG005PWSVQ3_2016-08-31,recovery_ratio,,*,operator ruling 2026-10-03 (5a pre-check): the later ending's fields are left to later sub-plans,docs/superpowers/plans/research/2026-10-03-5a-line-continuity.md
BBG00JM9V731_2026-07-30,exit_kind,,exchange,"operator ruling 2026-10-03 (5a pre-check): R2 via ID_CINS: G39104107 has its own FIGI BBG023G9VDF5, so two securities",docs/superpowers/plans/research/2026-10-03-5a-line-continuity.md
BBG00JM9V731_2026-07-30,continuation,,true,"operator ruling 2026-10-03 (5a pre-check): R2 via ID_CINS: G39104107 has its own FIGI BBG023G9VDF5, so two securities",docs/superpowers/plans/research/2026-10-03-5a-line-continuity.md
BBG00JM9V731_2026-07-30,successor_sec_id,,*,"operator ruling 2026-10-03 (5a pre-check): R2 via ID_CINS: G39104107 has its own FIGI BBG023G9VDF5, so two securities",docs/superpowers/plans/research/2026-10-03-5a-line-continuity.md
BBG00JM9V731_2026-07-30,last_trade_date,,*,"operator ruling 2026-10-03 (5a pre-check): R2 via ID_CINS: G39104107 has its own FIGI BBG023G9VDF5, so two securities",docs/superpowers/plans/research/2026-10-03-5a-line-continuity.md
BBG00JM9V731_2026-07-30,value_rule,,continuation,"operator ruling 2026-10-03 (5a pre-check): R2 via ID_CINS: G39104107 has its own FIGI BBG023G9VDF5, so two securities",docs/superpowers/plans/research/2026-10-03-5a-line-continuity.md
BBG00JM9V731_2026-07-30,shape,no_ending,ending,operator ruling 2026-10-03 (5a pre-check): R2: a continuation to New Gates,docs/superpowers/plans/research/2026-10-03-5a-line-continuity.md
CIK1066104-COMMON_2012-08-13,shape,no_ending,ending_moved,operator ruling 2026-10-03 (5a pre-check): the line has a later Form 25 in the cached filings,docs/superpowers/plans/research/2026-10-03-5a-line-continuity.md
CIK1066104-COMMON_2012-08-13,exit_kind,,*,operator ruling 2026-10-03 (5a pre-check): the later ending's fields are left to later sub-plans,docs/superpowers/plans/research/2026-10-03-5a-line-continuity.md
CIK1066104-COMMON_2012-08-13,drop_reason,,*,operator ruling 2026-10-03 (5a pre-check): the later ending's fields are left to later sub-plans,docs/superpowers/plans/research/2026-10-03-5a-line-continuity.md
CIK1066104-COMMON_2012-08-13,continuation,,*,operator ruling 2026-10-03 (5a pre-check): the later ending's fields are left to later sub-plans,docs/superpowers/plans/research/2026-10-03-5a-line-continuity.md
CIK1066104-COMMON_2012-08-13,successor_sec_id,,*,operator ruling 2026-10-03 (5a pre-check): the later ending's fields are left to later sub-plans,docs/superpowers/plans/research/2026-10-03-5a-line-continuity.md
CIK1066104-COMMON_2012-08-13,last_trade_date,,*,operator ruling 2026-10-03 (5a pre-check): the later ending's fields are left to later sub-plans,docs/superpowers/plans/research/2026-10-03-5a-line-continuity.md
CIK1066104-COMMON_2012-08-13,value_rule,,*,operator ruling 2026-10-03 (5a pre-check): the later ending's fields are left to later sub-plans,docs/superpowers/plans/research/2026-10-03-5a-line-continuity.md
CIK1066104-COMMON_2012-08-13,cash_per_share,,*,operator ruling 2026-10-03 (5a pre-check): the later ending's fields are left to later sub-plans,docs/superpowers/plans/research/2026-10-03-5a-line-continuity.md
CIK1066104-COMMON_2012-08-13,cash_currency,,*,operator ruling 2026-10-03 (5a pre-check): the later ending's fields are left to later sub-plans,docs/superpowers/plans/research/2026-10-03-5a-line-continuity.md
CIK1066104-COMMON_2012-08-13,stock_ratio,,*,operator ruling 2026-10-03 (5a pre-check): the later ending's fields are left to later sub-plans,docs/superpowers/plans/research/2026-10-03-5a-line-continuity.md
CIK1066104-COMMON_2012-08-13,price_sec_id,,*,operator ruling 2026-10-03 (5a pre-check): the later ending's fields are left to later sub-plans,docs/superpowers/plans/research/2026-10-03-5a-line-continuity.md
CIK1066104-COMMON_2012-08-13,price_ticker,,*,operator ruling 2026-10-03 (5a pre-check): the later ending's fields are left to later sub-plans,docs/superpowers/plans/research/2026-10-03-5a-line-continuity.md
CIK1066104-COMMON_2012-08-13,price_date,,*,operator ruling 2026-10-03 (5a pre-check): the later ending's fields are left to later sub-plans,docs/superpowers/plans/research/2026-10-03-5a-line-continuity.md
CIK1066104-COMMON_2012-08-13,recovery_ratio,,*,operator ruling 2026-10-03 (5a pre-check): the later ending's fields are left to later sub-plans,docs/superpowers/plans/research/2026-10-03-5a-line-continuity.md
CIK1095651-COMMON_2013-12-19,shape,no_ending,ending_moved,operator ruling 2026-10-03 (5a pre-check): the line has a later Form 25 in the cached filings,docs/superpowers/plans/research/2026-10-03-5a-line-continuity.md
CIK1095651-COMMON_2013-12-19,exit_kind,,*,operator ruling 2026-10-03 (5a pre-check): the later ending's fields are left to later sub-plans,docs/superpowers/plans/research/2026-10-03-5a-line-continuity.md
CIK1095651-COMMON_2013-12-19,drop_reason,,*,operator ruling 2026-10-03 (5a pre-check): the later ending's fields are left to later sub-plans,docs/superpowers/plans/research/2026-10-03-5a-line-continuity.md
CIK1095651-COMMON_2013-12-19,continuation,,*,operator ruling 2026-10-03 (5a pre-check): the later ending's fields are left to later sub-plans,docs/superpowers/plans/research/2026-10-03-5a-line-continuity.md
CIK1095651-COMMON_2013-12-19,successor_sec_id,,*,operator ruling 2026-10-03 (5a pre-check): the later ending's fields are left to later sub-plans,docs/superpowers/plans/research/2026-10-03-5a-line-continuity.md
CIK1095651-COMMON_2013-12-19,last_trade_date,,*,operator ruling 2026-10-03 (5a pre-check): the later ending's fields are left to later sub-plans,docs/superpowers/plans/research/2026-10-03-5a-line-continuity.md
CIK1095651-COMMON_2013-12-19,value_rule,,*,operator ruling 2026-10-03 (5a pre-check): the later ending's fields are left to later sub-plans,docs/superpowers/plans/research/2026-10-03-5a-line-continuity.md
CIK1095651-COMMON_2013-12-19,cash_per_share,,*,operator ruling 2026-10-03 (5a pre-check): the later ending's fields are left to later sub-plans,docs/superpowers/plans/research/2026-10-03-5a-line-continuity.md
CIK1095651-COMMON_2013-12-19,cash_currency,,*,operator ruling 2026-10-03 (5a pre-check): the later ending's fields are left to later sub-plans,docs/superpowers/plans/research/2026-10-03-5a-line-continuity.md
CIK1095651-COMMON_2013-12-19,stock_ratio,,*,operator ruling 2026-10-03 (5a pre-check): the later ending's fields are left to later sub-plans,docs/superpowers/plans/research/2026-10-03-5a-line-continuity.md
CIK1095651-COMMON_2013-12-19,price_sec_id,,*,operator ruling 2026-10-03 (5a pre-check): the later ending's fields are left to later sub-plans,docs/superpowers/plans/research/2026-10-03-5a-line-continuity.md
CIK1095651-COMMON_2013-12-19,price_ticker,,*,operator ruling 2026-10-03 (5a pre-check): the later ending's fields are left to later sub-plans,docs/superpowers/plans/research/2026-10-03-5a-line-continuity.md
CIK1095651-COMMON_2013-12-19,price_date,,*,operator ruling 2026-10-03 (5a pre-check): the later ending's fields are left to later sub-plans,docs/superpowers/plans/research/2026-10-03-5a-line-continuity.md
CIK1095651-COMMON_2013-12-19,recovery_ratio,,*,operator ruling 2026-10-03 (5a pre-check): the later ending's fields are left to later sub-plans,docs/superpowers/plans/research/2026-10-03-5a-line-continuity.md
CIK1115836-COMMON_2014-07-01,shape,no_ending,ending_moved,operator ruling 2026-10-03 (5a pre-check): the line has a later Form 25 in the cached filings,docs/superpowers/plans/research/2026-10-03-5a-line-continuity.md
CIK1115836-COMMON_2014-07-01,exit_kind,,*,operator ruling 2026-10-03 (5a pre-check): the later ending's fields are left to later sub-plans,docs/superpowers/plans/research/2026-10-03-5a-line-continuity.md
CIK1115836-COMMON_2014-07-01,drop_reason,,*,operator ruling 2026-10-03 (5a pre-check): the later ending's fields are left to later sub-plans,docs/superpowers/plans/research/2026-10-03-5a-line-continuity.md
CIK1115836-COMMON_2014-07-01,continuation,,*,operator ruling 2026-10-03 (5a pre-check): the later ending's fields are left to later sub-plans,docs/superpowers/plans/research/2026-10-03-5a-line-continuity.md
CIK1115836-COMMON_2014-07-01,successor_sec_id,,*,operator ruling 2026-10-03 (5a pre-check): the later ending's fields are left to later sub-plans,docs/superpowers/plans/research/2026-10-03-5a-line-continuity.md
CIK1115836-COMMON_2014-07-01,last_trade_date,,*,operator ruling 2026-10-03 (5a pre-check): the later ending's fields are left to later sub-plans,docs/superpowers/plans/research/2026-10-03-5a-line-continuity.md
CIK1115836-COMMON_2014-07-01,value_rule,,*,operator ruling 2026-10-03 (5a pre-check): the later ending's fields are left to later sub-plans,docs/superpowers/plans/research/2026-10-03-5a-line-continuity.md
CIK1115836-COMMON_2014-07-01,cash_per_share,,*,operator ruling 2026-10-03 (5a pre-check): the later ending's fields are left to later sub-plans,docs/superpowers/plans/research/2026-10-03-5a-line-continuity.md
CIK1115836-COMMON_2014-07-01,cash_currency,,*,operator ruling 2026-10-03 (5a pre-check): the later ending's fields are left to later sub-plans,docs/superpowers/plans/research/2026-10-03-5a-line-continuity.md
CIK1115836-COMMON_2014-07-01,stock_ratio,,*,operator ruling 2026-10-03 (5a pre-check): the later ending's fields are left to later sub-plans,docs/superpowers/plans/research/2026-10-03-5a-line-continuity.md
CIK1115836-COMMON_2014-07-01,price_sec_id,,*,operator ruling 2026-10-03 (5a pre-check): the later ending's fields are left to later sub-plans,docs/superpowers/plans/research/2026-10-03-5a-line-continuity.md
CIK1115836-COMMON_2014-07-01,price_ticker,,*,operator ruling 2026-10-03 (5a pre-check): the later ending's fields are left to later sub-plans,docs/superpowers/plans/research/2026-10-03-5a-line-continuity.md
CIK1115836-COMMON_2014-07-01,price_date,,*,operator ruling 2026-10-03 (5a pre-check): the later ending's fields are left to later sub-plans,docs/superpowers/plans/research/2026-10-03-5a-line-continuity.md
CIK1115836-COMMON_2014-07-01,recovery_ratio,,*,operator ruling 2026-10-03 (5a pre-check): the later ending's fields are left to later sub-plans,docs/superpowers/plans/research/2026-10-03-5a-line-continuity.md
CIK1282266-COMMON_2015-04-27,shape,no_ending,ending_moved,operator ruling 2026-10-03 (5a pre-check): the line has a later Form 25 in the cached filings,docs/superpowers/plans/research/2026-10-03-5a-line-continuity.md
CIK1282266-COMMON_2015-04-27,exit_kind,,*,operator ruling 2026-10-03 (5a pre-check): the later ending's fields are left to later sub-plans,docs/superpowers/plans/research/2026-10-03-5a-line-continuity.md
CIK1282266-COMMON_2015-04-27,drop_reason,,*,operator ruling 2026-10-03 (5a pre-check): the later ending's fields are left to later sub-plans,docs/superpowers/plans/research/2026-10-03-5a-line-continuity.md
CIK1282266-COMMON_2015-04-27,continuation,,*,operator ruling 2026-10-03 (5a pre-check): the later ending's fields are left to later sub-plans,docs/superpowers/plans/research/2026-10-03-5a-line-continuity.md
CIK1282266-COMMON_2015-04-27,successor_sec_id,,*,operator ruling 2026-10-03 (5a pre-check): the later ending's fields are left to later sub-plans,docs/superpowers/plans/research/2026-10-03-5a-line-continuity.md
CIK1282266-COMMON_2015-04-27,last_trade_date,,*,operator ruling 2026-10-03 (5a pre-check): the later ending's fields are left to later sub-plans,docs/superpowers/plans/research/2026-10-03-5a-line-continuity.md
CIK1282266-COMMON_2015-04-27,value_rule,,*,operator ruling 2026-10-03 (5a pre-check): the later ending's fields are left to later sub-plans,docs/superpowers/plans/research/2026-10-03-5a-line-continuity.md
CIK1282266-COMMON_2015-04-27,cash_per_share,,*,operator ruling 2026-10-03 (5a pre-check): the later ending's fields are left to later sub-plans,docs/superpowers/plans/research/2026-10-03-5a-line-continuity.md
CIK1282266-COMMON_2015-04-27,cash_currency,,*,operator ruling 2026-10-03 (5a pre-check): the later ending's fields are left to later sub-plans,docs/superpowers/plans/research/2026-10-03-5a-line-continuity.md
CIK1282266-COMMON_2015-04-27,stock_ratio,,*,operator ruling 2026-10-03 (5a pre-check): the later ending's fields are left to later sub-plans,docs/superpowers/plans/research/2026-10-03-5a-line-continuity.md
CIK1282266-COMMON_2015-04-27,price_sec_id,,*,operator ruling 2026-10-03 (5a pre-check): the later ending's fields are left to later sub-plans,docs/superpowers/plans/research/2026-10-03-5a-line-continuity.md
CIK1282266-COMMON_2015-04-27,price_ticker,,*,operator ruling 2026-10-03 (5a pre-check): the later ending's fields are left to later sub-plans,docs/superpowers/plans/research/2026-10-03-5a-line-continuity.md
CIK1282266-COMMON_2015-04-27,price_date,,*,operator ruling 2026-10-03 (5a pre-check): the later ending's fields are left to later sub-plans,docs/superpowers/plans/research/2026-10-03-5a-line-continuity.md
CIK1282266-COMMON_2015-04-27,recovery_ratio,,*,operator ruling 2026-10-03 (5a pre-check): the later ending's fields are left to later sub-plans,docs/superpowers/plans/research/2026-10-03-5a-line-continuity.md
CIK1469372-CLASS-A_2015-10-02,shape,no_ending,ending_moved,operator ruling 2026-10-03 (5a pre-check): the line has a later Form 25 in the cached filings,docs/superpowers/plans/research/2026-10-03-5a-line-continuity.md
CIK1469372-CLASS-A_2015-10-02,exit_kind,,*,operator ruling 2026-10-03 (5a pre-check): the later ending's fields are left to later sub-plans,docs/superpowers/plans/research/2026-10-03-5a-line-continuity.md
CIK1469372-CLASS-A_2015-10-02,drop_reason,,*,operator ruling 2026-10-03 (5a pre-check): the later ending's fields are left to later sub-plans,docs/superpowers/plans/research/2026-10-03-5a-line-continuity.md
CIK1469372-CLASS-A_2015-10-02,continuation,,*,operator ruling 2026-10-03 (5a pre-check): the later ending's fields are left to later sub-plans,docs/superpowers/plans/research/2026-10-03-5a-line-continuity.md
CIK1469372-CLASS-A_2015-10-02,successor_sec_id,,*,operator ruling 2026-10-03 (5a pre-check): the later ending's fields are left to later sub-plans,docs/superpowers/plans/research/2026-10-03-5a-line-continuity.md
CIK1469372-CLASS-A_2015-10-02,last_trade_date,,*,operator ruling 2026-10-03 (5a pre-check): the later ending's fields are left to later sub-plans,docs/superpowers/plans/research/2026-10-03-5a-line-continuity.md
CIK1469372-CLASS-A_2015-10-02,value_rule,,*,operator ruling 2026-10-03 (5a pre-check): the later ending's fields are left to later sub-plans,docs/superpowers/plans/research/2026-10-03-5a-line-continuity.md
CIK1469372-CLASS-A_2015-10-02,cash_per_share,,*,operator ruling 2026-10-03 (5a pre-check): the later ending's fields are left to later sub-plans,docs/superpowers/plans/research/2026-10-03-5a-line-continuity.md
CIK1469372-CLASS-A_2015-10-02,cash_currency,,*,operator ruling 2026-10-03 (5a pre-check): the later ending's fields are left to later sub-plans,docs/superpowers/plans/research/2026-10-03-5a-line-continuity.md
CIK1469372-CLASS-A_2015-10-02,stock_ratio,,*,operator ruling 2026-10-03 (5a pre-check): the later ending's fields are left to later sub-plans,docs/superpowers/plans/research/2026-10-03-5a-line-continuity.md
CIK1469372-CLASS-A_2015-10-02,price_sec_id,,*,operator ruling 2026-10-03 (5a pre-check): the later ending's fields are left to later sub-plans,docs/superpowers/plans/research/2026-10-03-5a-line-continuity.md
CIK1469372-CLASS-A_2015-10-02,price_ticker,,*,operator ruling 2026-10-03 (5a pre-check): the later ending's fields are left to later sub-plans,docs/superpowers/plans/research/2026-10-03-5a-line-continuity.md
CIK1469372-CLASS-A_2015-10-02,price_date,,*,operator ruling 2026-10-03 (5a pre-check): the later ending's fields are left to later sub-plans,docs/superpowers/plans/research/2026-10-03-5a-line-continuity.md
CIK1469372-CLASS-A_2015-10-02,recovery_ratio,,*,operator ruling 2026-10-03 (5a pre-check): the later ending's fields are left to later sub-plans,docs/superpowers/plans/research/2026-10-03-5a-line-continuity.md
CIK1469372-CLASS-A_2015-10-02,fixed_by,5a,5h,"operator ruling 2026-10-03 (5a pre-check): the follow needs a class match (CLASS-A vs COMMON), outside 5a",docs/superpowers/plans/research/2026-10-03-5a-line-continuity.md
CIK1507934-CLASS-A_2013-01-16,shape,no_ending,ending_moved,operator ruling 2026-10-03 (5a pre-check): the line has a later Form 25 in the cached filings,docs/superpowers/plans/research/2026-10-03-5a-line-continuity.md
CIK1507934-CLASS-A_2013-01-16,exit_kind,,*,operator ruling 2026-10-03 (5a pre-check): the later ending's fields are left to later sub-plans,docs/superpowers/plans/research/2026-10-03-5a-line-continuity.md
CIK1507934-CLASS-A_2013-01-16,drop_reason,,*,operator ruling 2026-10-03 (5a pre-check): the later ending's fields are left to later sub-plans,docs/superpowers/plans/research/2026-10-03-5a-line-continuity.md
CIK1507934-CLASS-A_2013-01-16,continuation,,*,operator ruling 2026-10-03 (5a pre-check): the later ending's fields are left to later sub-plans,docs/superpowers/plans/research/2026-10-03-5a-line-continuity.md
CIK1507934-CLASS-A_2013-01-16,successor_sec_id,,*,operator ruling 2026-10-03 (5a pre-check): the later ending's fields are left to later sub-plans,docs/superpowers/plans/research/2026-10-03-5a-line-continuity.md
CIK1507934-CLASS-A_2013-01-16,last_trade_date,,*,operator ruling 2026-10-03 (5a pre-check): the later ending's fields are left to later sub-plans,docs/superpowers/plans/research/2026-10-03-5a-line-continuity.md
CIK1507934-CLASS-A_2013-01-16,value_rule,,*,operator ruling 2026-10-03 (5a pre-check): the later ending's fields are left to later sub-plans,docs/superpowers/plans/research/2026-10-03-5a-line-continuity.md
CIK1507934-CLASS-A_2013-01-16,cash_per_share,,*,operator ruling 2026-10-03 (5a pre-check): the later ending's fields are left to later sub-plans,docs/superpowers/plans/research/2026-10-03-5a-line-continuity.md
CIK1507934-CLASS-A_2013-01-16,cash_currency,,*,operator ruling 2026-10-03 (5a pre-check): the later ending's fields are left to later sub-plans,docs/superpowers/plans/research/2026-10-03-5a-line-continuity.md
CIK1507934-CLASS-A_2013-01-16,stock_ratio,,*,operator ruling 2026-10-03 (5a pre-check): the later ending's fields are left to later sub-plans,docs/superpowers/plans/research/2026-10-03-5a-line-continuity.md
CIK1507934-CLASS-A_2013-01-16,price_sec_id,,*,operator ruling 2026-10-03 (5a pre-check): the later ending's fields are left to later sub-plans,docs/superpowers/plans/research/2026-10-03-5a-line-continuity.md
CIK1507934-CLASS-A_2013-01-16,price_ticker,,*,operator ruling 2026-10-03 (5a pre-check): the later ending's fields are left to later sub-plans,docs/superpowers/plans/research/2026-10-03-5a-line-continuity.md
CIK1507934-CLASS-A_2013-01-16,price_date,,*,operator ruling 2026-10-03 (5a pre-check): the later ending's fields are left to later sub-plans,docs/superpowers/plans/research/2026-10-03-5a-line-continuity.md
CIK1507934-CLASS-A_2013-01-16,recovery_ratio,,*,operator ruling 2026-10-03 (5a pre-check): the later ending's fields are left to later sub-plans,docs/superpowers/plans/research/2026-10-03-5a-line-continuity.md
CIK1507934-CLASS-A_2013-01-16,fixed_by,5a,5h,"operator ruling 2026-10-03 (5a pre-check): the follow needs a class match (CLASS-A vs COMMON), outside 5a",docs/superpowers/plans/research/2026-10-03-5a-line-continuity.md
CIK1606498-COMMON_2018-07-11,shape,no_ending,ending_moved,operator ruling 2026-10-03 (5a pre-check): the line has a later Form 25 in the cached filings,docs/superpowers/plans/research/2026-10-03-5a-line-continuity.md
CIK1606498-COMMON_2018-07-11,exit_kind,,*,operator ruling 2026-10-03 (5a pre-check): the later ending's fields are left to later sub-plans,docs/superpowers/plans/research/2026-10-03-5a-line-continuity.md
CIK1606498-COMMON_2018-07-11,drop_reason,,*,operator ruling 2026-10-03 (5a pre-check): the later ending's fields are left to later sub-plans,docs/superpowers/plans/research/2026-10-03-5a-line-continuity.md
CIK1606498-COMMON_2018-07-11,continuation,,*,operator ruling 2026-10-03 (5a pre-check): the later ending's fields are left to later sub-plans,docs/superpowers/plans/research/2026-10-03-5a-line-continuity.md
CIK1606498-COMMON_2018-07-11,successor_sec_id,,*,operator ruling 2026-10-03 (5a pre-check): the later ending's fields are left to later sub-plans,docs/superpowers/plans/research/2026-10-03-5a-line-continuity.md
CIK1606498-COMMON_2018-07-11,last_trade_date,,*,operator ruling 2026-10-03 (5a pre-check): the later ending's fields are left to later sub-plans,docs/superpowers/plans/research/2026-10-03-5a-line-continuity.md
CIK1606498-COMMON_2018-07-11,value_rule,,*,operator ruling 2026-10-03 (5a pre-check): the later ending's fields are left to later sub-plans,docs/superpowers/plans/research/2026-10-03-5a-line-continuity.md
CIK1606498-COMMON_2018-07-11,cash_per_share,,*,operator ruling 2026-10-03 (5a pre-check): the later ending's fields are left to later sub-plans,docs/superpowers/plans/research/2026-10-03-5a-line-continuity.md
CIK1606498-COMMON_2018-07-11,cash_currency,,*,operator ruling 2026-10-03 (5a pre-check): the later ending's fields are left to later sub-plans,docs/superpowers/plans/research/2026-10-03-5a-line-continuity.md
CIK1606498-COMMON_2018-07-11,stock_ratio,,*,operator ruling 2026-10-03 (5a pre-check): the later ending's fields are left to later sub-plans,docs/superpowers/plans/research/2026-10-03-5a-line-continuity.md
CIK1606498-COMMON_2018-07-11,price_sec_id,,*,operator ruling 2026-10-03 (5a pre-check): the later ending's fields are left to later sub-plans,docs/superpowers/plans/research/2026-10-03-5a-line-continuity.md
CIK1606498-COMMON_2018-07-11,price_ticker,,*,operator ruling 2026-10-03 (5a pre-check): the later ending's fields are left to later sub-plans,docs/superpowers/plans/research/2026-10-03-5a-line-continuity.md
CIK1606498-COMMON_2018-07-11,price_date,,*,operator ruling 2026-10-03 (5a pre-check): the later ending's fields are left to later sub-plans,docs/superpowers/plans/research/2026-10-03-5a-line-continuity.md
CIK1606498-COMMON_2018-07-11,recovery_ratio,,*,operator ruling 2026-10-03 (5a pre-check): the later ending's fields are left to later sub-plans,docs/superpowers/plans/research/2026-10-03-5a-line-continuity.md
CIK1723089-COMMON_2021-01-10,shape,no_ending,ending_moved,operator ruling 2026-10-03 (5a pre-check): the line has a later Form 25 in the cached filings,docs/superpowers/plans/research/2026-10-03-5a-line-continuity.md
CIK1723089-COMMON_2021-01-10,exit_kind,,*,operator ruling 2026-10-03 (5a pre-check): the later ending's fields are left to later sub-plans,docs/superpowers/plans/research/2026-10-03-5a-line-continuity.md
CIK1723089-COMMON_2021-01-10,drop_reason,,*,operator ruling 2026-10-03 (5a pre-check): the later ending's fields are left to later sub-plans,docs/superpowers/plans/research/2026-10-03-5a-line-continuity.md
CIK1723089-COMMON_2021-01-10,continuation,,*,operator ruling 2026-10-03 (5a pre-check): the later ending's fields are left to later sub-plans,docs/superpowers/plans/research/2026-10-03-5a-line-continuity.md
CIK1723089-COMMON_2021-01-10,successor_sec_id,,*,operator ruling 2026-10-03 (5a pre-check): the later ending's fields are left to later sub-plans,docs/superpowers/plans/research/2026-10-03-5a-line-continuity.md
CIK1723089-COMMON_2021-01-10,last_trade_date,,*,operator ruling 2026-10-03 (5a pre-check): the later ending's fields are left to later sub-plans,docs/superpowers/plans/research/2026-10-03-5a-line-continuity.md
CIK1723089-COMMON_2021-01-10,value_rule,,*,operator ruling 2026-10-03 (5a pre-check): the later ending's fields are left to later sub-plans,docs/superpowers/plans/research/2026-10-03-5a-line-continuity.md
CIK1723089-COMMON_2021-01-10,cash_per_share,,*,operator ruling 2026-10-03 (5a pre-check): the later ending's fields are left to later sub-plans,docs/superpowers/plans/research/2026-10-03-5a-line-continuity.md
CIK1723089-COMMON_2021-01-10,cash_currency,,*,operator ruling 2026-10-03 (5a pre-check): the later ending's fields are left to later sub-plans,docs/superpowers/plans/research/2026-10-03-5a-line-continuity.md
CIK1723089-COMMON_2021-01-10,stock_ratio,,*,operator ruling 2026-10-03 (5a pre-check): the later ending's fields are left to later sub-plans,docs/superpowers/plans/research/2026-10-03-5a-line-continuity.md
CIK1723089-COMMON_2021-01-10,price_sec_id,,*,operator ruling 2026-10-03 (5a pre-check): the later ending's fields are left to later sub-plans,docs/superpowers/plans/research/2026-10-03-5a-line-continuity.md
CIK1723089-COMMON_2021-01-10,price_ticker,,*,operator ruling 2026-10-03 (5a pre-check): the later ending's fields are left to later sub-plans,docs/superpowers/plans/research/2026-10-03-5a-line-continuity.md
CIK1723089-COMMON_2021-01-10,price_date,,*,operator ruling 2026-10-03 (5a pre-check): the later ending's fields are left to later sub-plans,docs/superpowers/plans/research/2026-10-03-5a-line-continuity.md
CIK1723089-COMMON_2021-01-10,recovery_ratio,,*,operator ruling 2026-10-03 (5a pre-check): the later ending's fields are left to later sub-plans,docs/superpowers/plans/research/2026-10-03-5a-line-continuity.md
CIK1803737-COMMON_2022-06-30,shape,no_ending,ending_moved,operator ruling 2026-10-03 (5a pre-check): the line has a later Form 25 in the cached filings,docs/superpowers/plans/research/2026-10-03-5a-line-continuity.md
CIK1803737-COMMON_2022-06-30,exit_kind,,*,operator ruling 2026-10-03 (5a pre-check): the later ending's fields are left to later sub-plans,docs/superpowers/plans/research/2026-10-03-5a-line-continuity.md
CIK1803737-COMMON_2022-06-30,drop_reason,,*,operator ruling 2026-10-03 (5a pre-check): the later ending's fields are left to later sub-plans,docs/superpowers/plans/research/2026-10-03-5a-line-continuity.md
CIK1803737-COMMON_2022-06-30,continuation,,*,operator ruling 2026-10-03 (5a pre-check): the later ending's fields are left to later sub-plans,docs/superpowers/plans/research/2026-10-03-5a-line-continuity.md
CIK1803737-COMMON_2022-06-30,successor_sec_id,,*,operator ruling 2026-10-03 (5a pre-check): the later ending's fields are left to later sub-plans,docs/superpowers/plans/research/2026-10-03-5a-line-continuity.md
CIK1803737-COMMON_2022-06-30,last_trade_date,,*,operator ruling 2026-10-03 (5a pre-check): the later ending's fields are left to later sub-plans,docs/superpowers/plans/research/2026-10-03-5a-line-continuity.md
CIK1803737-COMMON_2022-06-30,value_rule,,*,operator ruling 2026-10-03 (5a pre-check): the later ending's fields are left to later sub-plans,docs/superpowers/plans/research/2026-10-03-5a-line-continuity.md
CIK1803737-COMMON_2022-06-30,cash_per_share,,*,operator ruling 2026-10-03 (5a pre-check): the later ending's fields are left to later sub-plans,docs/superpowers/plans/research/2026-10-03-5a-line-continuity.md
CIK1803737-COMMON_2022-06-30,cash_currency,,*,operator ruling 2026-10-03 (5a pre-check): the later ending's fields are left to later sub-plans,docs/superpowers/plans/research/2026-10-03-5a-line-continuity.md
CIK1803737-COMMON_2022-06-30,stock_ratio,,*,operator ruling 2026-10-03 (5a pre-check): the later ending's fields are left to later sub-plans,docs/superpowers/plans/research/2026-10-03-5a-line-continuity.md
CIK1803737-COMMON_2022-06-30,price_sec_id,,*,operator ruling 2026-10-03 (5a pre-check): the later ending's fields are left to later sub-plans,docs/superpowers/plans/research/2026-10-03-5a-line-continuity.md
CIK1803737-COMMON_2022-06-30,price_ticker,,*,operator ruling 2026-10-03 (5a pre-check): the later ending's fields are left to later sub-plans,docs/superpowers/plans/research/2026-10-03-5a-line-continuity.md
CIK1803737-COMMON_2022-06-30,price_date,,*,operator ruling 2026-10-03 (5a pre-check): the later ending's fields are left to later sub-plans,docs/superpowers/plans/research/2026-10-03-5a-line-continuity.md
CIK1803737-COMMON_2022-06-30,recovery_ratio,,*,operator ruling 2026-10-03 (5a pre-check): the later ending's fields are left to later sub-plans,docs/superpowers/plans/research/2026-10-03-5a-line-continuity.md
CIK1808220-CLASS-A_2022-11-17,shape,no_ending,ending_moved,operator ruling 2026-10-03 (5a pre-check): the line has a later Form 25 in the cached filings,docs/superpowers/plans/research/2026-10-03-5a-line-continuity.md
CIK1808220-CLASS-A_2022-11-17,exit_kind,,*,operator ruling 2026-10-03 (5a pre-check): the later ending's fields are left to later sub-plans,docs/superpowers/plans/research/2026-10-03-5a-line-continuity.md
CIK1808220-CLASS-A_2022-11-17,drop_reason,,*,operator ruling 2026-10-03 (5a pre-check): the later ending's fields are left to later sub-plans,docs/superpowers/plans/research/2026-10-03-5a-line-continuity.md
CIK1808220-CLASS-A_2022-11-17,continuation,,*,operator ruling 2026-10-03 (5a pre-check): the later ending's fields are left to later sub-plans,docs/superpowers/plans/research/2026-10-03-5a-line-continuity.md
CIK1808220-CLASS-A_2022-11-17,successor_sec_id,,*,operator ruling 2026-10-03 (5a pre-check): the later ending's fields are left to later sub-plans,docs/superpowers/plans/research/2026-10-03-5a-line-continuity.md
CIK1808220-CLASS-A_2022-11-17,last_trade_date,,*,operator ruling 2026-10-03 (5a pre-check): the later ending's fields are left to later sub-plans,docs/superpowers/plans/research/2026-10-03-5a-line-continuity.md
CIK1808220-CLASS-A_2022-11-17,value_rule,,*,operator ruling 2026-10-03 (5a pre-check): the later ending's fields are left to later sub-plans,docs/superpowers/plans/research/2026-10-03-5a-line-continuity.md
CIK1808220-CLASS-A_2022-11-17,cash_per_share,,*,operator ruling 2026-10-03 (5a pre-check): the later ending's fields are left to later sub-plans,docs/superpowers/plans/research/2026-10-03-5a-line-continuity.md
CIK1808220-CLASS-A_2022-11-17,cash_currency,,*,operator ruling 2026-10-03 (5a pre-check): the later ending's fields are left to later sub-plans,docs/superpowers/plans/research/2026-10-03-5a-line-continuity.md
CIK1808220-CLASS-A_2022-11-17,stock_ratio,,*,operator ruling 2026-10-03 (5a pre-check): the later ending's fields are left to later sub-plans,docs/superpowers/plans/research/2026-10-03-5a-line-continuity.md
CIK1808220-CLASS-A_2022-11-17,price_sec_id,,*,operator ruling 2026-10-03 (5a pre-check): the later ending's fields are left to later sub-plans,docs/superpowers/plans/research/2026-10-03-5a-line-continuity.md
CIK1808220-CLASS-A_2022-11-17,price_ticker,,*,operator ruling 2026-10-03 (5a pre-check): the later ending's fields are left to later sub-plans,docs/superpowers/plans/research/2026-10-03-5a-line-continuity.md
CIK1808220-CLASS-A_2022-11-17,price_date,,*,operator ruling 2026-10-03 (5a pre-check): the later ending's fields are left to later sub-plans,docs/superpowers/plans/research/2026-10-03-5a-line-continuity.md
CIK1808220-CLASS-A_2022-11-17,recovery_ratio,,*,operator ruling 2026-10-03 (5a pre-check): the later ending's fields are left to later sub-plans,docs/superpowers/plans/research/2026-10-03-5a-line-continuity.md
CIK1808220-CLASS-A_2022-11-17,fixed_by,5a,residual,operator ruling 2026-10-03 (5a pre-check): an 8-month gap in the fails rows; no general rule reaches it,docs/superpowers/plans/research/2026-10-03-5a-line-continuity.md
CIK23666-COMMON_2012-07-13,shape,no_ending,ending_moved,operator ruling 2026-10-03 (5a pre-check): the line has a later Form 25 in the cached filings,docs/superpowers/plans/research/2026-10-03-5a-line-continuity.md
CIK23666-COMMON_2012-07-13,exit_kind,,*,operator ruling 2026-10-03 (5a pre-check): the later ending's fields are left to later sub-plans,docs/superpowers/plans/research/2026-10-03-5a-line-continuity.md
CIK23666-COMMON_2012-07-13,drop_reason,,*,operator ruling 2026-10-03 (5a pre-check): the later ending's fields are left to later sub-plans,docs/superpowers/plans/research/2026-10-03-5a-line-continuity.md
CIK23666-COMMON_2012-07-13,continuation,,*,operator ruling 2026-10-03 (5a pre-check): the later ending's fields are left to later sub-plans,docs/superpowers/plans/research/2026-10-03-5a-line-continuity.md
CIK23666-COMMON_2012-07-13,successor_sec_id,,*,operator ruling 2026-10-03 (5a pre-check): the later ending's fields are left to later sub-plans,docs/superpowers/plans/research/2026-10-03-5a-line-continuity.md
CIK23666-COMMON_2012-07-13,last_trade_date,,*,operator ruling 2026-10-03 (5a pre-check): the later ending's fields are left to later sub-plans,docs/superpowers/plans/research/2026-10-03-5a-line-continuity.md
CIK23666-COMMON_2012-07-13,value_rule,,*,operator ruling 2026-10-03 (5a pre-check): the later ending's fields are left to later sub-plans,docs/superpowers/plans/research/2026-10-03-5a-line-continuity.md
CIK23666-COMMON_2012-07-13,cash_per_share,,*,operator ruling 2026-10-03 (5a pre-check): the later ending's fields are left to later sub-plans,docs/superpowers/plans/research/2026-10-03-5a-line-continuity.md
CIK23666-COMMON_2012-07-13,cash_currency,,*,operator ruling 2026-10-03 (5a pre-check): the later ending's fields are left to later sub-plans,docs/superpowers/plans/research/2026-10-03-5a-line-continuity.md
CIK23666-COMMON_2012-07-13,stock_ratio,,*,operator ruling 2026-10-03 (5a pre-check): the later ending's fields are left to later sub-plans,docs/superpowers/plans/research/2026-10-03-5a-line-continuity.md
CIK23666-COMMON_2012-07-13,price_sec_id,,*,operator ruling 2026-10-03 (5a pre-check): the later ending's fields are left to later sub-plans,docs/superpowers/plans/research/2026-10-03-5a-line-continuity.md
CIK23666-COMMON_2012-07-13,price_ticker,,*,operator ruling 2026-10-03 (5a pre-check): the later ending's fields are left to later sub-plans,docs/superpowers/plans/research/2026-10-03-5a-line-continuity.md
CIK23666-COMMON_2012-07-13,price_date,,*,operator ruling 2026-10-03 (5a pre-check): the later ending's fields are left to later sub-plans,docs/superpowers/plans/research/2026-10-03-5a-line-continuity.md
CIK23666-COMMON_2012-07-13,recovery_ratio,,*,operator ruling 2026-10-03 (5a pre-check): the later ending's fields are left to later sub-plans,docs/superpowers/plans/research/2026-10-03-5a-line-continuity.md
CIK352363-COMMON_2012-05-14,shape,no_ending,ending_moved,operator ruling 2026-10-03 (5a pre-check): the line has a later Form 25 in the cached filings,docs/superpowers/plans/research/2026-10-03-5a-line-continuity.md
CIK352363-COMMON_2012-05-14,exit_kind,,*,operator ruling 2026-10-03 (5a pre-check): the later ending's fields are left to later sub-plans,docs/superpowers/plans/research/2026-10-03-5a-line-continuity.md
CIK352363-COMMON_2012-05-14,drop_reason,,*,operator ruling 2026-10-03 (5a pre-check): the later ending's fields are left to later sub-plans,docs/superpowers/plans/research/2026-10-03-5a-line-continuity.md
CIK352363-COMMON_2012-05-14,continuation,,*,operator ruling 2026-10-03 (5a pre-check): the later ending's fields are left to later sub-plans,docs/superpowers/plans/research/2026-10-03-5a-line-continuity.md
CIK352363-COMMON_2012-05-14,successor_sec_id,,*,operator ruling 2026-10-03 (5a pre-check): the later ending's fields are left to later sub-plans,docs/superpowers/plans/research/2026-10-03-5a-line-continuity.md
CIK352363-COMMON_2012-05-14,last_trade_date,,*,operator ruling 2026-10-03 (5a pre-check): the later ending's fields are left to later sub-plans,docs/superpowers/plans/research/2026-10-03-5a-line-continuity.md
CIK352363-COMMON_2012-05-14,value_rule,,*,operator ruling 2026-10-03 (5a pre-check): the later ending's fields are left to later sub-plans,docs/superpowers/plans/research/2026-10-03-5a-line-continuity.md
CIK352363-COMMON_2012-05-14,cash_per_share,,*,operator ruling 2026-10-03 (5a pre-check): the later ending's fields are left to later sub-plans,docs/superpowers/plans/research/2026-10-03-5a-line-continuity.md
CIK352363-COMMON_2012-05-14,cash_currency,,*,operator ruling 2026-10-03 (5a pre-check): the later ending's fields are left to later sub-plans,docs/superpowers/plans/research/2026-10-03-5a-line-continuity.md
CIK352363-COMMON_2012-05-14,stock_ratio,,*,operator ruling 2026-10-03 (5a pre-check): the later ending's fields are left to later sub-plans,docs/superpowers/plans/research/2026-10-03-5a-line-continuity.md
CIK352363-COMMON_2012-05-14,price_sec_id,,*,operator ruling 2026-10-03 (5a pre-check): the later ending's fields are left to later sub-plans,docs/superpowers/plans/research/2026-10-03-5a-line-continuity.md
CIK352363-COMMON_2012-05-14,price_ticker,,*,operator ruling 2026-10-03 (5a pre-check): the later ending's fields are left to later sub-plans,docs/superpowers/plans/research/2026-10-03-5a-line-continuity.md
CIK352363-COMMON_2012-05-14,price_date,,*,operator ruling 2026-10-03 (5a pre-check): the later ending's fields are left to later sub-plans,docs/superpowers/plans/research/2026-10-03-5a-line-continuity.md
CIK352363-COMMON_2012-05-14,recovery_ratio,,*,operator ruling 2026-10-03 (5a pre-check): the later ending's fields are left to later sub-plans,docs/superpowers/plans/research/2026-10-03-5a-line-continuity.md
CIK708819-COMMON_2018-05-08,shape,no_ending,ending_moved,operator ruling 2026-10-03 (5a pre-check): the line has a later Form 25 in the cached filings,docs/superpowers/plans/research/2026-10-03-5a-line-continuity.md
CIK708819-COMMON_2018-05-08,exit_kind,,*,operator ruling 2026-10-03 (5a pre-check): the later ending's fields are left to later sub-plans,docs/superpowers/plans/research/2026-10-03-5a-line-continuity.md
CIK708819-COMMON_2018-05-08,drop_reason,,*,operator ruling 2026-10-03 (5a pre-check): the later ending's fields are left to later sub-plans,docs/superpowers/plans/research/2026-10-03-5a-line-continuity.md
CIK708819-COMMON_2018-05-08,continuation,,*,operator ruling 2026-10-03 (5a pre-check): the later ending's fields are left to later sub-plans,docs/superpowers/plans/research/2026-10-03-5a-line-continuity.md
CIK708819-COMMON_2018-05-08,successor_sec_id,,*,operator ruling 2026-10-03 (5a pre-check): the later ending's fields are left to later sub-plans,docs/superpowers/plans/research/2026-10-03-5a-line-continuity.md
CIK708819-COMMON_2018-05-08,last_trade_date,,*,operator ruling 2026-10-03 (5a pre-check): the later ending's fields are left to later sub-plans,docs/superpowers/plans/research/2026-10-03-5a-line-continuity.md
CIK708819-COMMON_2018-05-08,value_rule,,*,operator ruling 2026-10-03 (5a pre-check): the later ending's fields are left to later sub-plans,docs/superpowers/plans/research/2026-10-03-5a-line-continuity.md
CIK708819-COMMON_2018-05-08,cash_per_share,,*,operator ruling 2026-10-03 (5a pre-check): the later ending's fields are left to later sub-plans,docs/superpowers/plans/research/2026-10-03-5a-line-continuity.md
CIK708819-COMMON_2018-05-08,cash_currency,,*,operator ruling 2026-10-03 (5a pre-check): the later ending's fields are left to later sub-plans,docs/superpowers/plans/research/2026-10-03-5a-line-continuity.md
CIK708819-COMMON_2018-05-08,stock_ratio,,*,operator ruling 2026-10-03 (5a pre-check): the later ending's fields are left to later sub-plans,docs/superpowers/plans/research/2026-10-03-5a-line-continuity.md
CIK708819-COMMON_2018-05-08,price_sec_id,,*,operator ruling 2026-10-03 (5a pre-check): the later ending's fields are left to later sub-plans,docs/superpowers/plans/research/2026-10-03-5a-line-continuity.md
CIK708819-COMMON_2018-05-08,price_ticker,,*,operator ruling 2026-10-03 (5a pre-check): the later ending's fields are left to later sub-plans,docs/superpowers/plans/research/2026-10-03-5a-line-continuity.md
CIK708819-COMMON_2018-05-08,price_date,,*,operator ruling 2026-10-03 (5a pre-check): the later ending's fields are left to later sub-plans,docs/superpowers/plans/research/2026-10-03-5a-line-continuity.md
CIK708819-COMMON_2018-05-08,recovery_ratio,,*,operator ruling 2026-10-03 (5a pre-check): the later ending's fields are left to later sub-plans,docs/superpowers/plans/research/2026-10-03-5a-line-continuity.md
CIK716006-COMMON_2010-10-04,shape,no_ending,ending_moved,operator ruling 2026-10-03 (5a pre-check): the line has a later Form 25 in the cached filings,docs/superpowers/plans/research/2026-10-03-5a-line-continuity.md
CIK716006-COMMON_2010-10-04,exit_kind,,*,operator ruling 2026-10-03 (5a pre-check): the later ending's fields are left to later sub-plans,docs/superpowers/plans/research/2026-10-03-5a-line-continuity.md
CIK716006-COMMON_2010-10-04,drop_reason,,*,operator ruling 2026-10-03 (5a pre-check): the later ending's fields are left to later sub-plans,docs/superpowers/plans/research/2026-10-03-5a-line-continuity.md
CIK716006-COMMON_2010-10-04,continuation,,*,operator ruling 2026-10-03 (5a pre-check): the later ending's fields are left to later sub-plans,docs/superpowers/plans/research/2026-10-03-5a-line-continuity.md
CIK716006-COMMON_2010-10-04,successor_sec_id,,*,operator ruling 2026-10-03 (5a pre-check): the later ending's fields are left to later sub-plans,docs/superpowers/plans/research/2026-10-03-5a-line-continuity.md
CIK716006-COMMON_2010-10-04,last_trade_date,,*,operator ruling 2026-10-03 (5a pre-check): the later ending's fields are left to later sub-plans,docs/superpowers/plans/research/2026-10-03-5a-line-continuity.md
CIK716006-COMMON_2010-10-04,value_rule,,*,operator ruling 2026-10-03 (5a pre-check): the later ending's fields are left to later sub-plans,docs/superpowers/plans/research/2026-10-03-5a-line-continuity.md
CIK716006-COMMON_2010-10-04,cash_per_share,,*,operator ruling 2026-10-03 (5a pre-check): the later ending's fields are left to later sub-plans,docs/superpowers/plans/research/2026-10-03-5a-line-continuity.md
CIK716006-COMMON_2010-10-04,cash_currency,,*,operator ruling 2026-10-03 (5a pre-check): the later ending's fields are left to later sub-plans,docs/superpowers/plans/research/2026-10-03-5a-line-continuity.md
CIK716006-COMMON_2010-10-04,stock_ratio,,*,operator ruling 2026-10-03 (5a pre-check): the later ending's fields are left to later sub-plans,docs/superpowers/plans/research/2026-10-03-5a-line-continuity.md
CIK716006-COMMON_2010-10-04,price_sec_id,,*,operator ruling 2026-10-03 (5a pre-check): the later ending's fields are left to later sub-plans,docs/superpowers/plans/research/2026-10-03-5a-line-continuity.md
CIK716006-COMMON_2010-10-04,price_ticker,,*,operator ruling 2026-10-03 (5a pre-check): the later ending's fields are left to later sub-plans,docs/superpowers/plans/research/2026-10-03-5a-line-continuity.md
CIK716006-COMMON_2010-10-04,price_date,,*,operator ruling 2026-10-03 (5a pre-check): the later ending's fields are left to later sub-plans,docs/superpowers/plans/research/2026-10-03-5a-line-continuity.md
CIK716006-COMMON_2010-10-04,recovery_ratio,,*,operator ruling 2026-10-03 (5a pre-check): the later ending's fields are left to later sub-plans,docs/superpowers/plans/research/2026-10-03-5a-line-continuity.md
CIK910073-COMMON_2024-07-12,shape,no_ending,ending_moved,operator ruling 2026-10-03 (5a pre-check): the line has a later Form 25 in the cached filings,docs/superpowers/plans/research/2026-10-03-5a-line-continuity.md
CIK910073-COMMON_2024-07-12,exit_kind,,*,operator ruling 2026-10-03 (5a pre-check): the later ending's fields are left to later sub-plans,docs/superpowers/plans/research/2026-10-03-5a-line-continuity.md
CIK910073-COMMON_2024-07-12,drop_reason,,*,operator ruling 2026-10-03 (5a pre-check): the later ending's fields are left to later sub-plans,docs/superpowers/plans/research/2026-10-03-5a-line-continuity.md
CIK910073-COMMON_2024-07-12,continuation,,*,operator ruling 2026-10-03 (5a pre-check): the later ending's fields are left to later sub-plans,docs/superpowers/plans/research/2026-10-03-5a-line-continuity.md
CIK910073-COMMON_2024-07-12,successor_sec_id,,*,operator ruling 2026-10-03 (5a pre-check): the later ending's fields are left to later sub-plans,docs/superpowers/plans/research/2026-10-03-5a-line-continuity.md
CIK910073-COMMON_2024-07-12,last_trade_date,,*,operator ruling 2026-10-03 (5a pre-check): the later ending's fields are left to later sub-plans,docs/superpowers/plans/research/2026-10-03-5a-line-continuity.md
CIK910073-COMMON_2024-07-12,value_rule,,*,operator ruling 2026-10-03 (5a pre-check): the later ending's fields are left to later sub-plans,docs/superpowers/plans/research/2026-10-03-5a-line-continuity.md
CIK910073-COMMON_2024-07-12,cash_per_share,,*,operator ruling 2026-10-03 (5a pre-check): the later ending's fields are left to later sub-plans,docs/superpowers/plans/research/2026-10-03-5a-line-continuity.md
CIK910073-COMMON_2024-07-12,cash_currency,,*,operator ruling 2026-10-03 (5a pre-check): the later ending's fields are left to later sub-plans,docs/superpowers/plans/research/2026-10-03-5a-line-continuity.md
CIK910073-COMMON_2024-07-12,stock_ratio,,*,operator ruling 2026-10-03 (5a pre-check): the later ending's fields are left to later sub-plans,docs/superpowers/plans/research/2026-10-03-5a-line-continuity.md
CIK910073-COMMON_2024-07-12,price_sec_id,,*,operator ruling 2026-10-03 (5a pre-check): the later ending's fields are left to later sub-plans,docs/superpowers/plans/research/2026-10-03-5a-line-continuity.md
CIK910073-COMMON_2024-07-12,price_ticker,,*,operator ruling 2026-10-03 (5a pre-check): the later ending's fields are left to later sub-plans,docs/superpowers/plans/research/2026-10-03-5a-line-continuity.md
CIK910073-COMMON_2024-07-12,price_date,,*,operator ruling 2026-10-03 (5a pre-check): the later ending's fields are left to later sub-plans,docs/superpowers/plans/research/2026-10-03-5a-line-continuity.md
CIK910073-COMMON_2024-07-12,recovery_ratio,,*,operator ruling 2026-10-03 (5a pre-check): the later ending's fields are left to later sub-plans,docs/superpowers/plans/research/2026-10-03-5a-line-continuity.md
CIK1019849-COMMON_2009-06-08,fixed_by,5a,5h,sub-plan 5a dropped U4: the stricter ticker confirmation changed 13 other eras (more than 10),
